Workbook

Sheet VŠECHNY AKCE=

Sheet Přehled akce
A1: PŘEHLED AKCE
A2: Junák - středisko Milana Genserka Brno (622.08)
A4: Název akce: | J4: Kód akce:
A5: Datum konání akce: | J5: Rok:
A6: Vedoucí akce: | J6: Počet dnů:
A7: Hospodář akce:
A8: Počet účastníků: | J8: Počet účastnických osobodnů: | K8: ='Seznam účastníků'!H67 -> 0
A9: Počet pořadatelů | J9: Počet celkových osobodnů: | K9: =(D9+D8)*K6 -> 0
A11: Přehled nutných dokumentů | F11: Stav po revizi | J11: Podpis
A12: £ | B12: seznam výdajů a příjmů (vždy)
A13: £ | B13: seznam účastníků s platbou (vždy)
A14: £ | B14: rozpočet akce (u velkých akcí)
A15: £ | B15: vyúčtování dotací
A16: £ | B16: smlouvy o proplácení cestovních náhrad
A17: £ | B17: předávací protokoly na odměny
A19: Přehled výdajů akce
A20: Kód | B20: MD | C20: Položka | F20: D | H20: Hotově | I20: D | K20: Převodem | L20: VÝDAJE CELKEM
A21: náj | B21: 518.310 | C21: Nájemné | F21: 211. | G21: =$K$4 -> 0 | H21: ='Příjmy a výdaje'!AA445 -> 0 | I21: 221. | J21: 1 | K21: ='Příjmy a výdaje'!AA27 -> 0 | L21: =H21+K21 -> 0
A22: pot | B22: 501.110 | C22: Potraviny | F22: 211. | G22: =$K$4 -> 0 | H22: ='Příjmy a výdaje'!S445 -> 0 | I22: 221. | J22: 1 | K22: ='Příjmy a výdaje'!S27 -> 0 | L22: =H22+K22 -> 0
A23: dop | B23: 518.210 | C23: Doprava osobní na akcích | F23: 211. | G23: =$K$4 -> 0 | H23: ='Příjmy a výdaje'!Y445 -> 0 | I23: 221. | J23: 1 | K23: ='Příjmy a výdaje'!Y27 -> 0 | L23: =H23+K23 -> 0
A24: nák | B24: 518.220 | C24: Doprava nákladní | F24: 211. | G24: =$K$4 -> 0 | H24: ='Příjmy a výdaje'!Z445 -> 0 | I24: 221. | J24: 1 | K24: ='Příjmy a výdaje'!Z27 -> 0 | L24: =H24+K24 -> 0
A25: ces | B25: 512 | C25: Cestovné | F25: 211. | G25: =$K$4 -> 0 | H25: ='Příjmy a výdaje'!V445 -> 0 | I25: 221. | J25: 1 | K25: ='Příjmy a výdaje'!V27 -> 0 | L25: =H25+K25 -> 0
A26: vst | B26: 518.310 | C26: Vstupné | F26: 211. | G26: =$K$4 -> 0 | H26: ='Příjmy a výdaje'!AC445 -> 0 | I26: 221. | J26: 1 | K26: ='Příjmy a výdaje'!AC27 -> 0 | L26: =H26+K26 -> 0
A27: mat | B27: 501.210 | C27: Materiál na akce | F27: 211. | G27: =$K$4 -> 0 | H27: ='Příjmy a výdaje'!R445 -> 0 | I27: 221. | J27: 1 | K27: ='Příjmy a výdaje'!R27 -> 0 | L27: =H27+K27 -> 0
A28: vyb | B28: 501.310 | C28: Vybavení vedené v operativní evidenci | F28: 211. | G28: =$K$4 -> 0 | H28: ='Příjmy a výdaje'!P445 -> 0 | I28: 221. | J28: 1 | K28: ='Příjmy a výdaje'!P27 -> 0 | L28: =H28+K28 -> 0
A29: mtv | B29: 501.320 | C29: Materiál pro tvorbu vybavení | F29: 211. | G29: =$K$4 -> 0 | H29: ='Příjmy a výdaje'!Q445 -> 0 | I29: 221. | J29: 1 | K29: ='Příjmy a výdaje'!Q27 -> 0 | L29: =H29+K29 -> 0
A30: táb | B30: 501.530 | C30: Materiál na opravu a údržbu tábořišť | F30: 211. | G30: =$K$4 -> 0 | H30: ='Příjmy a výdaje'!T445 -> 0 | I30: 221. | J30: 1 | K30: ='Příjmy a výdaje'!T27 -> 0 | L30: =H30+K30 -> 0
A31: oma | B31: 501.900 | C31: Ostatní materiál | F31: 211. | G31: =$K$4 -> 0 | H31: ='Příjmy a výdaje'!U445 -> 0 | I31: 221. | J31: 1 | K31: ='Příjmy a výdaje'!U27 -> 0 | L31: =H31+K31 -> 0
A32: poš | B32: 518.410 | C32: Poštovné | F32: 211. | G32: =$K$4 -> 0 | H32: ='Příjmy a výdaje'!W445 -> 0 | I32: 221. | J32: 1 | K32: ='Příjmy a výdaje'!W27 -> 0 | L32: =H32+K32 -> 0
A33: kop | B33: 518.510 | C33: Kopírování | F33: 211. | G33: =$K$4 -> 0 | H33: ='Příjmy a výdaje'!AD445 -> 0 | I33: 221. | J33: 1 | K33: ='Příjmy a výdaje'!AD27 -> 0 | L33: =H33+K33 -> 0
A34: tel | B34: 518.610 | C34: Telekomunikační náhrady | F34: 211. | G34: =$K$4 -> 0 | H34: ='Příjmy a výdaje'!X445 -> 0 | I34: 221. | J34: 1 | K34: ='Příjmy a výdaje'!X27 -> 0 | L34: =H34+K34 -> 0
A35: půj | B35: 518.120 | C35: Půjčovné | F35: 211. | G35: =$K$4 -> 0 | H35: ='Příjmy a výdaje'!AB445 -> 0 | I35: 221. | J35: 1 | K35: ='Příjmy a výdaje'!AB27 -> 0 | L35: =H35+K35 -> 0
A36: osl | B36: 518.900 | C36: Ostatní služby | F36: 211. | G36: =$K$4 -> 0 | H36: ='Příjmy a výdaje'!AE445 -> 0 | I36: 221. | J36: 1 | K36: ='Příjmy a výdaje'!AE27 -> 0 | L36: =H36+K36 -> 0
C37: Výdaje celkem | F37: 211. | G37: =$K$4 -> 0 | H37: =SUM(H21:H36) -> 0 | I37: 221. | J37: 1 | K37: =SUM(K21:K36) -> 0 | L37: =SUM(L21:L36) -> 0
A39: Přehled příjmů akce
A40: Kód | B40: D | C40: Položka | F40: MD | H40: Hotově | I40: MD | K40: Převodem | L40: PŘÍJMY CELKEM
A41: pří | B41: 649.100 | C41: Příjmy od účastníků | F41: 211. | G41: =$K$4 -> 0 | H41: ='Příjmy a výdaje'!AI445 -> 0 | I41: 221. | J41: 1 | K41: ='Příjmy a výdaje'!AI27 -> 0 | L41: =H41+K41 -> 0
A42: dot | B42: 681.x | C42: Dotace | F42: 211. | G42: =$K$4 -> 0 | H42: ='Příjmy a výdaje'!AJ445 -> 0 | I42: 221. | J42: 1 | K42: ='Příjmy a výdaje'!AJ27 -> 0 | L42: =H42+K42 -> 0
A43: opř | C43: Ostatní příjmy | F43: 211. | G43: =$K$4 -> 0 | H43: ='Příjmy a výdaje'!AK445 -> 0 | I43: 221. | J43: 1 | K43: ='Příjmy a výdaje'!AK27 -> 0 | L43: =H43+K43 -> 0
C44: Příjmy celkem | F44: 211. | G44: =$K$4 -> 0 | H44: =SUM(H41:H43) -> 0 | I44: 221. | J44: 1 | K44: =SUM(K41:K43) -> 0 | L44: =SUM(L41:L43) -> 0
A46: Přehled převodů mezi pokladnami / záloh
A47: Kód | B47: MD | C47: Položka | F47: D | H47: Hotově | I47: D | K47: Převodem | L47: ZÁLOHY CELKEM
A48: zál | B48: =CONCATENATE("211.",$K$4) -> 211. | C48: Převod do pokladny akce | F48: 261 | H48: ='Příjmy a výdaje'!AG445 -> 0 | I48: 261 | K48: ='Příjmy a výdaje'!AH445 -> 0 | L48: =H48+K48 -> 0
A49: vra | B49: 261 | C49: Vratka záloh do střediska | F49: =CONCATENATE("211.",$K$4) -> 211. | L49: ='Příjmy a výdaje'!AF445 -> 0
C50: Zálohy celkem | L50: =L48-L49 -> 0
A52: Výsledek hospodaření
C53: Hotovost (vyrovnáno se stř. pokladnou): | L53: =H44+L50-H37 -> 0
C54: Výsledek hospodaření akce | L54: =L44-L37 -> 0
C55: (výsledek hospodaření akce je ztrátou (-) / ziskem (+) střediska)
A57: Zpracoval | B57: jméno | F57: Převzal | H57: jméno
B58: datum | H58: datum
B59: podpis | H59: podpis

Sheet Příjmy a výdaje
B1: PŘÍJMY A VÝDAJE AKCE
B2: Název akce: | C2: ='Přehled akce'!D4 -> 0
B4: BEZHOTOVOSTNÍ PLATBY (příjmy i výdaje, bez záloh)
B5: Položka | C5: Částka | D5: Kód | E5: Datum platby | F5: Poznámka | G5: Dotováno | J5: Kontrola | P5: vyb | Q5: mtv | R5: mat | S5: pot | T5: táb | U5: oma | V5: ces | W5: poš | X5: tel | Y5: dop | Z5: nák | AA5: náj | AB5: půj | AC5: vst | AD5: kop | AE5: osl | AF5: vra | AG5: zho | AH5: zbú | AI5: pří | AJ5: dot | AK5: opř | AL5: součet
A6: 1 | J6: =IF(AL6=C6,IF(AL6=0,"-","ok"),"chyba") -> - | P6: =VALUE(IF($D6="vyb",$C6,0))+VALUE(IF($H6="vyb",$G6,0)) -> 0 | Q6: =VALUE(IF($D6="mtv",$C6,0))+VALUE(IF($H6="mtv",$G6,0)) -> 0 | R6: =VALUE(IF($D6="mat",$C6,0))+VALUE(IF($H6="mat",$G6,0)) -> 0 | S6: =VALUE(IF($D6="pot",$C6,0))+VALUE(IF($H6="pot",$G6,0)) -> 0 | T6: =VALUE(IF($D6="táb",$C6,0))+VALUE(IF($H6="táb",$G6,0)) -> 0 | U6: =VALUE(IF($D6="oma",$C6,0))+VALUE(IF($H6="oma",$G6,0)) -> 0 | V6: =VALUE(IF($D6="ces",$C6,0))+VALUE(IF($H6="ces",$G6,0)) -> 0 | W6: =VALUE(IF($D6="poš",$C6,0))+VALUE(IF($H6="poš",$G6,0)) -> 0 | X6: =VALUE(IF($D6="tel",$C6,0))+VALUE(IF($H6="tel",$G6,0)) -> 0 | Y6: =VALUE(IF($D6="dop",$C6,0))+VALUE(IF($H6="dop",$G6,0)) -> 0 | Z6: =VALUE(IF($D6="nák",$C6,0))+VALUE(IF($H6="nák",$G6,0)) -> 0 | AA6: =VALUE(IF($D6="náj",$C6,0))+VALUE(IF($H6="náj",$G6,0)) -> 0 | AB6: =VALUE(IF($D6="půj",$C6,0))+VALUE(IF($H6="půj",$G6,0)) -> 0 | AC6: =VALUE(IF($D6="vst",$C6,0))+VALUE(IF($H6="vst",$G6,0)) -> 0 | AD6: =VALUE(IF($D6="kop",$C6,0))+VALUE(IF($H6="kop",$G6,0)) -> 0 | AE6: =VALUE(IF($D6="osl",$C6,0))+VALUE(IF($H6="osl",$G6,0)) -> 0 | AF6: =VALUE(IF($D6="vra",$C6,0))+VALUE(IF($H6="vra",$G6,0)) -> 0 | AG6: =VALUE(IF($D6="zho",$C6,0))+VALUE(IF($H6="zho",$G6,0)) -> 0 | AH6: =VALUE(IF($D6="zbú",$C6,0))+VALUE(IF($H6="zbú",$G6,0)) -> 0 | AI6: =VALUE(IF($D6="pří",$C6,0))+VALUE(IF($H6="pří",$G6,0)) -> 0 | AJ6: =VALUE(IF($D6="dot",$C6,0))+VALUE(IF($H6="dot",$G6,0)) -> 0 | AK6: =VALUE(IF($D6="opř",$C6,0))+VALUE(IF($H6="opř",$G6,0)) -> 0 | AL6: =SUM(P6:AK6) -> 0 | AN6: =CONCATENATE("BÚ"," ",'Příjmy a výdaje'!$E6) -> BÚ | AO6: =IF('Příjmy a výdaje'!$G6="ano",'Příjmy a výdaje'!$B6,0) -> 0 | AP6: =IF('Příjmy a výdaje'!$G6="ano",'Příjmy a výdaje'!$C6,0) -> 0 | AQ6: ='Příjmy a výdaje'!$AP6 -> 0
A7: 2 | J7: =IF(AL7=C7,IF(AL7=0,"-","ok"),"chyba") -> - | P7: =VALUE(IF($D7="vyb",$C7,0))+VALUE(IF($H7="vyb",$G7,0)) -> 0 | Q7: =VALUE(IF($D7="mtv",$C7,0))+VALUE(IF($H7="mtv",$G7,0)) -> 0 | R7: =VALUE(IF($D7="mat",$C7,0))+VALUE(IF($H7="mat",$G7,0)) -> 0 | S7: =VALUE(IF($D7="pot",$C7,0))+VALUE(IF($H7="pot",$G7,0)) -> 0 | T7: =VALUE(IF($D7="táb",$C7,0))+VALUE(IF($H7="táb",$G7,0)) -> 0 | U7: =VALUE(IF($D7="oma",$C7,0))+VALUE(IF($H7="oma",$G7,0)) -> 0 | V7: =VALUE(IF($D7="ces",$C7,0))+VALUE(IF($H7="ces",$G7,0)) -> 0 | W7: =VALUE(IF($D7="poš",$C7,0))+VALUE(IF($H7="poš",$G7,0)) -> 0 | X7: =VALUE(IF($D7="tel",$C7,0))+VALUE(IF($H7="tel",$G7,0)) -> 0 | Y7: =VALUE(IF($D7="dop",$C7,0))+VALUE(IF($H7="dop",$G7,0)) -> 0 | Z7: =VALUE(IF($D7="nák",$C7,0))+VALUE(IF($H7="nák",$G7,0)) -> 0 | AA7: =VALUE(IF($D7="náj",$C7,0))+VALUE(IF($H7="náj",$G7,0)) -> 0 | AB7: =VALUE(IF($D7="půj",$C7,0))+VALUE(IF($H7="půj",$G7,0)) -> 0 | AC7: =VALUE(IF($D7="vst",$C7,0))+VALUE(IF($H7="vst",$G7,0)) -> 0 | AD7: =VALUE(IF($D7="kop",$C7,0))+VALUE(IF($H7="kop",$G7,0)) -> 0 | AE7: =VALUE(IF($D7="osl",$C7,0))+VALUE(IF($H7="osl",$G7,0)) -> 0 | AF7: =VALUE(IF($D7="vra",$C7,0))+VALUE(IF($H7="vra",$G7,0)) -> 0 | AG7: =VALUE(IF($D7="zho",$C7,0))+VALUE(IF($H7="zho",$G7,0)) -> 0 | AH7: =VALUE(IF($D7="zbú",$C7,0))+VALUE(IF($H7="zbú",$G7,0)) -> 0 | AI7: =VALUE(IF($D7="pří",$C7,0))+VALUE(IF($H7="pří",$G7,0)) -> 0 | AJ7: =VALUE(IF($D7="dot",$C7,0))+VALUE(IF($H7="dot",$G7,0)) -> 0 | AK7: =VALUE(IF($D7="opř",$C7,0))+VALUE(IF($H7="opř",$G7,0)) -> 0 | AL7: =SUM(P7:AK7) -> 0 | AN7: =CONCATENATE("BÚ"," ",'Příjmy a výdaje'!$E7) -> BÚ | AO7: =IF('Příjmy a výdaje'!$G7="ano",'Příjmy a výdaje'!$B7,0) -> 0 | AP7: =IF('Příjmy a výdaje'!$G7="ano",'Příjmy a výdaje'!$C7,0) -> 0 | AQ7: ='Příjmy a výdaje'!$AP7 -> 0
A8: 3 | J8: =IF(AL8=C8,IF(AL8=0,"-","ok"),"chyba") -> - | P8: =VALUE(IF($D8="vyb",$C8,0))+VALUE(IF($H8="vyb",$G8,0)) -> 0 | Q8: =VALUE(IF($D8="mtv",$C8,0))+VALUE(IF($H8="mtv",$G8,0)) -> 0 | R8: =VALUE(IF($D8="mat",$C8,0))+VALUE(IF($H8="mat",$G8,0)) -> 0 | S8: =VALUE(IF($D8="pot",$C8,0))+VALUE(IF($H8="pot",$G8,0)) -> 0 | T8: =VALUE(IF($D8="táb",$C8,0))+VALUE(IF($H8="táb",$G8,0)) -> 0 | U8: =VALUE(IF($D8="oma",$C8,0))+VALUE(IF($H8="oma",$G8,0)) -> 0 | V8: =VALUE(IF($D8="ces",$C8,0))+VALUE(IF($H8="ces",$G8,0)) -> 0 | W8: =VALUE(IF($D8="poš",$C8,0))+VALUE(IF($H8="poš",$G8,0)) -> 0 | X8: =VALUE(IF($D8="tel",$C8,0))+VALUE(IF($H8="tel",$G8,0)) -> 0 | Y8: =VALUE(IF($D8="dop",$C8,0))+VALUE(IF($H8="dop",$G8,0)) -> 0 | Z8: =VALUE(IF($D8="nák",$C8,0))+VALUE(IF($H8="nák",$G8,0)) -> 0 | AA8: =VALUE(IF($D8="náj",$C8,0))+VALUE(IF($H8="náj",$G8,0)) -> 0 | AB8: =VALUE(IF($D8="půj",$C8,0))+VALUE(IF($H8="půj",$G8,0)) -> 0 | AC8: =VALUE(IF($D8="vst",$C8,0))+VALUE(IF($H8="vst",$G8,0)) -> 0 | AD8: =VALUE(IF($D8="kop",$C8,0))+VALUE(IF($H8="kop",$G8,0)) -> 0 | AE8: =VALUE(IF($D8="osl",$C8,0))+VALUE(IF($H8="osl",$G8,0)) -> 0 | AF8: =VALUE(IF($D8="vra",$C8,0))+VALUE(IF($H8="vra",$G8,0)) -> 0 | AG8: =VALUE(IF($D8="zho",$C8,0))+VALUE(IF($H8="zho",$G8,0)) -> 0 | AH8: =VALUE(IF($D8="zbú",$C8,0))+VALUE(IF($H8="zbú",$G8,0)) -> 0 | AI8: =VALUE(IF($D8="pří",$C8,0))+VALUE(IF($H8="pří",$G8,0)) -> 0 | AJ8: =VALUE(IF($D8="dot",$C8,0))+VALUE(IF($H8="dot",$G8,0)) -> 0 | AK8: =VALUE(IF($D8="opř",$C8,0))+VALUE(IF($H8="opř",$G8,0)) -> 0 | AL8: =SUM(P8:AK8) -> 0 | AN8: =CONCATENATE("BÚ"," ",'Příjmy a výdaje'!$E8) -> BÚ | AO8: =IF('Příjmy a výdaje'!$G8="ano",'Příjmy a výdaje'!$B8,0) -> 0 | AP8: =IF('Příjmy a výdaje'!$G8="ano",'Příjmy a výdaje'!$C8,0) -> 0 | AQ8: ='Příjmy a výdaje'!$AP8 -> 0
A9: 4 | J9: =IF(AL9=C9,IF(AL9=0,"-","ok"),"chyba") -> - | P9: =VALUE(IF($D9="vyb",$C9,0))+VALUE(IF($H9="vyb",$G9,0)) -> 0 | Q9: =VALUE(IF($D9="mtv",$C9,0))+VALUE(IF($H9="mtv",$G9,0)) -> 0 | R9: =VALUE(IF($D9="mat",$C9,0))+VALUE(IF($H9="mat",$G9,0)) -> 0 | S9: =VALUE(IF($D9="pot",$C9,0))+VALUE(IF($H9="pot",$G9,0)) -> 0 | T9: =VALUE(IF($D9="táb",$C9,0))+VALUE(IF($H9="táb",$G9,0)) -> 0 | U9: =VALUE(IF($D9="oma",$C9,0))+VALUE(IF($H9="oma",$G9,0)) -> 0 | V9: =VALUE(IF($D9="ces",$C9,0))+VALUE(IF($H9="ces",$G9,0)) -> 0 | W9: =VALUE(IF($D9="poš",$C9,0))+VALUE(IF($H9="poš",$G9,0)) -> 0 | X9: =VALUE(IF($D9="tel",$C9,0))+VALUE(IF($H9="tel",$G9,0)) -> 0 | Y9: =VALUE(IF($D9="dop",$C9,0))+VALUE(IF($H9="dop",$G9,0)) -> 0 | Z9: =VALUE(IF($D9="nák",$C9,0))+VALUE(IF($H9="nák",$G9,0)) -> 0 | AA9: =VALUE(IF($D9="náj",$C9,0))+VALUE(IF($H9="náj",$G9,0)) -> 0 | AB9: =VALUE(IF($D9="půj",$C9,0))+VALUE(IF($H9="půj",$G9,0)) -> 0 | AC9: =VALUE(IF($D9="vst",$C9,0))+VALUE(IF($H9="vst",$G9,0)) -> 0 | AD9: =VALUE(IF($D9="kop",$C9,0))+VALUE(IF($H9="kop",$G9,0)) -> 0 | AE9: =VALUE(IF($D9="osl",$C9,0))+VALUE(IF($H9="osl",$G9,0)) -> 0 | AF9: =VALUE(IF($D9="vra",$C9,0))+VALUE(IF($H9="vra",$G9,0)) -> 0 | AG9: =VALUE(IF($D9="zho",$C9,0))+VALUE(IF($H9="zho",$G9,0)) -> 0 | AH9: =VALUE(IF($D9="zbú",$C9,0))+VALUE(IF($H9="zbú",$G9,0)) -> 0 | AI9: =VALUE(IF($D9="pří",$C9,0))+VALUE(IF($H9="pří",$G9,0)) -> 0 | AJ9: =VALUE(IF($D9="dot",$C9,0))+VALUE(IF($H9="dot",$G9,0)) -> 0 | AK9: =VALUE(IF($D9="opř",$C9,0))+VALUE(IF($H9="opř",$G9,0)) -> 0 | AL9: =SUM(P9:AK9) -> 0 | AN9: =CONCATENATE("BÚ"," ",'Příjmy a výdaje'!$E9) -> BÚ | AO9: =IF('Příjmy a výdaje'!$G9="ano",'Příjmy a výdaje'!$B9,0) -> 0 | AP9: =IF('Příjmy a výdaje'!$G9="ano",'Příjmy a výdaje'!$C9,0) -> 0 | AQ9: ='Příjmy a výdaje'!$AP9 -> 0
A10: 5 | J10: =IF(AL10=C10,IF(AL10=0,"-","ok"),"chyba") -> - | P10: =VALUE(IF($D10="vyb",$C10,0))+VALUE(IF($H10="vyb",$G10,0)) -> 0 | Q10: =VALUE(IF($D10="mtv",$C10,0))+VALUE(IF($H10="mtv",$G10,0)) -> 0 | R10: =VALUE(IF($D10="mat",$C10,0))+VALUE(IF($H10="mat",$G10,0)) -> 0 | S10: =VALUE(IF($D10="pot",$C10,0))+VALUE(IF($H10="pot",$G10,0)) -> 0 | T10: =VALUE(IF($D10="táb",$C10,0))+VALUE(IF($H10="táb",$G10,0)) -> 0 | U10: =VALUE(IF($D10="oma",$C10,0))+VALUE(IF($H10="oma",$G10,0)) -> 0 | V10: =VALUE(IF($D10="ces",$C10,0))+VALUE(IF($H10="ces",$G10,0)) -> 0 | W10: =VALUE(IF($D10="poš",$C10,0))+VALUE(IF($H10="poš",$G10,0)) -> 0 | X10: =VALUE(IF($D10="tel",$C10,0))+VALUE(IF($H10="tel",$G10,0)) -> 0 | Y10: =VALUE(IF($D10="dop",$C10,0))+VALUE(IF($H10="dop",$G10,0)) -> 0 | Z10: =VALUE(IF($D10="nák",$C10,0))+VALUE(IF($H10="nák",$G10,0)) -> 0 | AA10: =VALUE(IF($D10="náj",$C10,0))+VALUE(IF($H10="náj",$G10,0)) -> 0 | AB10: =VALUE(IF($D10="půj",$C10,0))+VALUE(IF($H10="půj",$G10,0)) -> 0 | AC10: =VALUE(IF($D10="vst",$C10,0))+VALUE(IF($H10="vst",$G10,0)) -> 0 | AD10: =VALUE(IF($D10="kop",$C10,0))+VALUE(IF($H10="kop",$G10,0)) -> 0 | AE10: =VALUE(IF($D10="osl",$C10,0))+VALUE(IF($H10="osl",$G10,0)) -> 0 | AF10: =VALUE(IF($D10="vra",$C10,0))+VALUE(IF($H10="vra",$G10,0)) -> 0 | AG10: =VALUE(IF($D10="zho",$C10,0))+VALUE(IF($H10="zho",$G10,0)) -> 0 | AH10: =VALUE(IF($D10="zbú",$C10,0))+VALUE(IF($H10="zbú",$G10,0)) -> 0 | AI10: =VALUE(IF($D10="pří",$C10,0))+VALUE(IF($H10="pří",$G10,0)) -> 0 | AJ10: =VALUE(IF($D10="dot",$C10,0))+VALUE(IF($H10="dot",$G10,0)) -> 0 | AK10: =VALUE(IF($D10="opř",$C10,0))+VALUE(IF($H10="opř",$G10,0)) -> 0 | AL10: =SUM(P10:AK10) -> 0 | AN10: =CONCATENATE("BÚ"," ",'Příjmy a výdaje'!$E10) -> BÚ | AO10: =IF('Příjmy a výdaje'!$G10="ano",'Příjmy a výdaje'!$B10,0) -> 0 | AP10: =IF('Příjmy a výdaje'!$G10="ano",'Příjmy a výdaje'!$C10,0) -> 0 | AQ10: ='Příjmy a výdaje'!$AP10 -> 0
A11: 6 | J11: =IF(AL11=C11,IF(AL11=0,"-","ok"),"chyba") -> - | P11: =VALUE(IF($D11="vyb",$C11,0))+VALUE(IF($H11="vyb",$G11,0)) -> 0 | Q11: =VALUE(IF($D11="mtv",$C11,0))+VALUE(IF($H11="mtv",$G11,0)) -> 0 | R11: =VALUE(IF($D11="mat",$C11,0))+VALUE(IF($H11="mat",$G11,0)) -> 0 | S11: =VALUE(IF($D11="pot",$C11,0))+VALUE(IF($H11="pot",$G11,0)) -> 0 | T11: =VALUE(IF($D11="táb",$C11,0))+VALUE(IF($H11="táb",$G11,0)) -> 0 | U11: =VALUE(IF($D11="oma",$C11,0))+VALUE(IF($H11="oma",$G11,0)) -> 0 | V11: =VALUE(IF($D11="ces",$C11,0))+VALUE(IF($H11="ces",$G11,0)) -> 0 | W11: =VALUE(IF($D11="poš",$C11,0))+VALUE(IF($H11="poš",$G11,0)) -> 0 | X11: =VALUE(IF($D11="tel",$C11,0))+VALUE(IF($H11="tel",$G11,0)) -> 0 | Y11: =VALUE(IF($D11="dop",$C11,0))+VALUE(IF($H11="dop",$G11,0)) -> 0 | Z11: =VALUE(IF($D11="nák",$C11,0))+VALUE(IF($H11="nák",$G11,0)) -> 0 | AA11: =VALUE(IF($D11="náj",$C11,0))+VALUE(IF($H11="náj",$G11,0)) -> 0 | AB11: =VALUE(IF($D11="půj",$C11,0))+VALUE(IF($H11="půj",$G11,0)) -> 0 | AC11: =VALUE(IF($D11="vst",$C11,0))+VALUE(IF($H11="vst",$G11,0)) -> 0 | AD11: =VALUE(IF($D11="kop",$C11,0))+VALUE(IF($H11="kop",$G11,0)) -> 0 | AE11: =VALUE(IF($D11="osl",$C11,0))+VALUE(IF($H11="osl",$G11,0)) -> 0 | AF11: =VALUE(IF($D11="vra",$C11,0))+VALUE(IF($H11="vra",$G11,0)) -> 0 | AG11: =VALUE(IF($D11="zho",$C11,0))+VALUE(IF($H11="zho",$G11,0)) -> 0 | AH11: =VALUE(IF($D11="zbú",$C11,0))+VALUE(IF($H11="zbú",$G11,0)) -> 0 | AI11: =VALUE(IF($D11="pří",$C11,0))+VALUE(IF($H11="pří",$G11,0)) -> 0 | AJ11: =VALUE(IF($D11="dot",$C11,0))+VALUE(IF($H11="dot",$G11,0)) -> 0 | AK11: =VALUE(IF($D11="opř",$C11,0))+VALUE(IF($H11="opř",$G11,0)) -> 0 | AL11: =SUM(P11:AK11) -> 0 | AN11: =CONCATENATE("BÚ"," ",'Příjmy a výdaje'!$E11) -> BÚ | AO11: =IF('Příjmy a výdaje'!$G11="ano",'Příjmy a výdaje'!$B11,0) -> 0 | AP11: =IF('Příjmy a výdaje'!$G11="ano",'Příjmy a výdaje'!$C11,0) -> 0 | AQ11: ='Příjmy a výdaje'!$AP11 -> 0
A12: 7 | J12: =IF(AL12=C12,IF(AL12=0,"-","ok"),"chyba") -> - | P12: =VALUE(IF($D12="vyb",$C12,0))+VALUE(IF($H12="vyb",$G12,0)) -> 0 | Q12: =VALUE(IF($D12="mtv",$C12,0))+VALUE(IF($H12="mtv",$G12,0)) -> 0 | R12: =VALUE(IF($D12="mat",$C12,0))+VALUE(IF($H12="mat",$G12,0)) -> 0 | S12: =VALUE(IF($D12="pot",$C12,0))+VALUE(IF($H12="pot",$G12,0)) -> 0 | T12: =VALUE(IF($D12="táb",$C12,0))+VALUE(IF($H12="táb",$G12,0)) -> 0 | U12: =VALUE(IF($D12="oma",$C12,0))+VALUE(IF($H12="oma",$G12,0)) -> 0 | V12: =VALUE(IF($D12="ces",$C12,0))+VALUE(IF($H12="ces",$G12,0)) -> 0 | W12: =VALUE(IF($D12="poš",$C12,0))+VALUE(IF($H12="poš",$G12,0)) -> 0 | X12: =VALUE(IF($D12="tel",$C12,0))+VALUE(IF($H12="tel",$G12,0)) -> 0 | Y12: =VALUE(IF($D12="dop",$C12,0))+VALUE(IF($H12="dop",$G12,0)) -> 0 | Z12: =VALUE(IF($D12="nák",$C12,0))+VALUE(IF($H12="nák",$G12,0)) -> 0 | AA12: =VALUE(IF($D12="náj",$C12,0))+VALUE(IF($H12="náj",$G12,0)) -> 0 | AB12: =VALUE(IF($D12="půj",$C12,0))+VALUE(IF($H12="půj",$G12,0)) -> 0 | AC12: =VALUE(IF($D12="vst",$C12,0))+VALUE(IF($H12="vst",$G12,0)) -> 0 | AD12: =VALUE(IF($D12="kop",$C12,0))+VALUE(IF($H12="kop",$G12,0)) -> 0 | AE12: =VALUE(IF($D12="osl",$C12,0))+VALUE(IF($H12="osl",$G12,0)) -> 0 | AF12: =VALUE(IF($D12="vra",$C12,0))+VALUE(IF($H12="vra",$G12,0)) -> 0 | AG12: =VALUE(IF($D12="zho",$C12,0))+VALUE(IF($H12="zho",$G12,0)) -> 0 | AH12: =VALUE(IF($D12="zbú",$C12,0))+VALUE(IF($H12="zbú",$G12,0)) -> 0 | AI12: =VALUE(IF($D12="pří",$C12,0))+VALUE(IF($H12="pří",$G12,0)) -> 0 | AJ12: =VALUE(IF($D12="dot",$C12,0))+VALUE(IF($H12="dot",$G12,0)) -> 0 | AK12: =VALUE(IF($D12="opř",$C12,0))+VALUE(IF($H12="opř",$G12,0)) -> 0 | AL12: =SUM(P12:AK12) -> 0 | AN12: =CONCATENATE("BÚ"," ",'Příjmy a výdaje'!$E12) -> BÚ | AO12: =IF('Příjmy a výdaje'!$G12="ano",'Příjmy a výdaje'!$B12,0) -> 0 | AP12: =IF('Příjmy a výdaje'!$G12="ano",'Příjmy a výdaje'!$C12,0) -> 0 | AQ12: ='Příjmy a výdaje'!$AP12 -> 0
A13: 8 | J13: =IF(AL13=C13,IF(AL13=0,"-","ok"),"chyba") -> - | P13: =VALUE(IF($D13="vyb",$C13,0))+VALUE(IF($H13="vyb",$G13,0)) -> 0 | Q13: =VALUE(IF($D13="mtv",$C13,0))+VALUE(IF($H13="mtv",$G13,0)) -> 0 | R13: =VALUE(IF($D13="mat",$C13,0))+VALUE(IF($H13="mat",$G13,0)) -> 0 | S13: =VALUE(IF($D13="pot",$C13,0))+VALUE(IF($H13="pot",$G13,0)) -> 0 | T13: =VALUE(IF($D13="táb",$C13,0))+VALUE(IF($H13="táb",$G13,0)) -> 0 | U13: =VALUE(IF($D13="oma",$C13,0))+VALUE(IF($H13="oma",$G13,0)) -> 0 | V13: =VALUE(IF($D13="ces",$C13,0))+VALUE(IF($H13="ces",$G13,0)) -> 0 | W13: =VALUE(IF($D13="poš",$C13,0))+VALUE(IF($H13="poš",$G13,0)) -> 0 | X13: =VALUE(IF($D13="tel",$C13,0))+VALUE(IF($H13="tel",$G13,0)) -> 0 | Y13: =VALUE(IF($D13="dop",$C13,0))+VALUE(IF($H13="dop",$G13,0)) -> 0 | Z13: =VALUE(IF($D13="nák",$C13,0))+VALUE(IF($H13="nák",$G13,0)) -> 0 | AA13: =VALUE(IF($D13="náj",$C13,0))+VALUE(IF($H13="náj",$G13,0)) -> 0 | AB13: =VALUE(IF($D13="půj",$C13,0))+VALUE(IF($H13="půj",$G13,0)) -> 0 | AC13: =VALUE(IF($D13="vst",$C13,0))+VALUE(IF($H13="vst",$G13,0)) -> 0 | AD13: =VALUE(IF($D13="kop",$C13,0))+VALUE(IF($H13="kop",$G13,0)) -> 0 | AE13: =VALUE(IF($D13="osl",$C13,0))+VALUE(IF($H13="osl",$G13,0)) -> 0 | AF13: =VALUE(IF($D13="vra",$C13,0))+VALUE(IF($H13="vra",$G13,0)) -> 0 | AG13: =VALUE(IF($D13="zho",$C13,0))+VALUE(IF($H13="zho",$G13,0)) -> 0 | AH13: =VALUE(IF($D13="zbú",$C13,0))+VALUE(IF($H13="zbú",$G13,0)) -> 0 | AI13: =VALUE(IF($D13="pří",$C13,0))+VALUE(IF($H13="pří",$G13,0)) -> 0 | AJ13: =VALUE(IF($D13="dot",$C13,0))+VALUE(IF($H13="dot",$G13,0)) -> 0 | AK13: =VALUE(IF($D13="opř",$C13,0))+VALUE(IF($H13="opř",$G13,0)) -> 0 | AL13: =SUM(P13:AK13) -> 0 | AN13: =CONCATENATE("BÚ"," ",'Příjmy a výdaje'!$E13) -> BÚ | AO13: =IF('Příjmy a výdaje'!$G13="ano",'Příjmy a výdaje'!$B13,0) -> 0 | AP13: =IF('Příjmy a výdaje'!$G13="ano",'Příjmy a výdaje'!$C13,0) -> 0 | AQ13: ='Příjmy a výdaje'!$AP13 -> 0
A14: 9 | J14: =IF(AL14=C14,IF(AL14=0,"-","ok"),"chyba") -> - | P14: =VALUE(IF($D14="vyb",$C14,0))+VALUE(IF($H14="vyb",$G14,0)) -> 0 | Q14: =VALUE(IF($D14="mtv",$C14,0))+VALUE(IF($H14="mtv",$G14,0)) -> 0 | R14: =VALUE(IF($D14="mat",$C14,0))+VALUE(IF($H14="mat",$G14,0)) -> 0 | S14: =VALUE(IF($D14="pot",$C14,0))+VALUE(IF($H14="pot",$G14,0)) -> 0 | T14: =VALUE(IF($D14="táb",$C14,0))+VALUE(IF($H14="táb",$G14,0)) -> 0 | U14: =VALUE(IF($D14="oma",$C14,0))+VALUE(IF($H14="oma",$G14,0)) -> 0 | V14: =VALUE(IF($D14="ces",$C14,0))+VALUE(IF($H14="ces",$G14,0)) -> 0 | W14: =VALUE(IF($D14="poš",$C14,0))+VALUE(IF($H14="poš",$G14,0)) -> 0 | X14: =VALUE(IF($D14="tel",$C14,0))+VALUE(IF($H14="tel",$G14,0)) -> 0 | Y14: =VALUE(IF($D14="dop",$C14,0))+VALUE(IF($H14="dop",$G14,0)) -> 0 | Z14: =VALUE(IF($D14="nák",$C14,0))+VALUE(IF($H14="nák",$G14,0)) -> 0 | AA14: =VALUE(IF($D14="náj",$C14,0))+VALUE(IF($H14="náj",$G14,0)) -> 0 | AB14: =VALUE(IF($D14="půj",$C14,0))+VALUE(IF($H14="půj",$G14,0)) -> 0 | AC14: =VALUE(IF($D14="vst",$C14,0))+VALUE(IF($H14="vst",$G14,0)) -> 0 | AD14: =VALUE(IF($D14="kop",$C14,0))+VALUE(IF($H14="kop",$G14,0)) -> 0 | AE14: =VALUE(IF($D14="osl",$C14,0))+VALUE(IF($H14="osl",$G14,0)) -> 0 | AF14: =VALUE(IF($D14="vra",$C14,0))+VALUE(IF($H14="vra",$G14,0)) -> 0 | AG14: =VALUE(IF($D14="zho",$C14,0))+VALUE(IF($H14="zho",$G14,0)) -> 0 | AH14: =VALUE(IF($D14="zbú",$C14,0))+VALUE(IF($H14="zbú",$G14,0)) -> 0 | AI14: =VALUE(IF($D14="pří",$C14,0))+VALUE(IF($H14="pří",$G14,0)) -> 0 | AJ14: =VALUE(IF($D14="dot",$C14,0))+VALUE(IF($H14="dot",$G14,0)) -> 0 | AK14: =VALUE(IF($D14="opř",$C14,0))+VALUE(IF($H14="opř",$G14,0)) -> 0 | AL14: =SUM(P14:AK14) -> 0 | AN14: =CONCATENATE("BÚ"," ",'Příjmy a výdaje'!$E14) -> BÚ | AO14: =IF('Příjmy a výdaje'!$G14="ano",'Příjmy a výdaje'!$B14,0) -> 0 | AP14: =IF('Příjmy a výdaje'!$G14="ano",'Příjmy a výdaje'!$C14,0) -> 0 | AQ14: ='Příjmy a výdaje'!$AP14 -> 0
A15: 10 | J15: =IF(AL15=C15,IF(AL15=0,"-","ok"),"chyba") -> - | P15: =VALUE(IF($D15="vyb",$C15,0))+VALUE(IF($H15="vyb",$G15,0)) -> 0 | Q15: =VALUE(IF($D15="mtv",$C15,0))+VALUE(IF($H15="mtv",$G15,0)) -> 0 | R15: =VALUE(IF($D15="mat",$C15,0))+VALUE(IF($H15="mat",$G15,0)) -> 0 | S15: =VALUE(IF($D15="pot",$C15,0))+VALUE(IF($H15="pot",$G15,0)) -> 0 | T15: =VALUE(IF($D15="táb",$C15,0))+VALUE(IF($H15="táb",$G15,0)) -> 0 | U15: =VALUE(IF($D15="oma",$C15,0))+VALUE(IF($H15="oma",$G15,0)) -> 0 | V15: =VALUE(IF($D15="ces",$C15,0))+VALUE(IF($H15="ces",$G15,0)) -> 0 | W15: =VALUE(IF($D15="poš",$C15,0))+VALUE(IF($H15="poš",$G15,0)) -> 0 | X15: =VALUE(IF($D15="tel",$C15,0))+VALUE(IF($H15="tel",$G15,0)) -> 0 | Y15: =VALUE(IF($D15="dop",$C15,0))+VALUE(IF($H15="dop",$G15,0)) -> 0 | Z15: =VALUE(IF($D15="nák",$C15,0))+VALUE(IF($H15="nák",$G15,0)) -> 0 | AA15: =VALUE(IF($D15="náj",$C15,0))+VALUE(IF($H15="náj",$G15,0)) -> 0 | AB15: =VALUE(IF($D15="půj",$C15,0))+VALUE(IF($H15="půj",$G15,0)) -> 0 | AC15: =VALUE(IF($D15="vst",$C15,0))+VALUE(IF($H15="vst",$G15,0)) -> 0 | AD15: =VALUE(IF($D15="kop",$C15,0))+VALUE(IF($H15="kop",$G15,0)) -> 0 | AE15: =VALUE(IF($D15="osl",$C15,0))+VALUE(IF($H15="osl",$G15,0)) -> 0 | AF15: =VALUE(IF($D15="vra",$C15,0))+VALUE(IF($H15="vra",$G15,0)) -> 0 | AG15: =VALUE(IF($D15="zho",$C15,0))+VALUE(IF($H15="zho",$G15,0)) -> 0 | AH15: =VALUE(IF($D15="zbú",$C15,0))+VALUE(IF($H15="zbú",$G15,0)) -> 0 | AI15: =VALUE(IF($D15="pří",$C15,0))+VALUE(IF($H15="pří",$G15,0)) -> 0 | AJ15: =VALUE(IF($D15="dot",$C15,0))+VALUE(IF($H15="dot",$G15,0)) -> 0 | AK15: =VALUE(IF($D15="opř",$C15,0))+VALUE(IF($H15="opř",$G15,0)) -> 0 | AL15: =SUM(P15:AK15) -> 0 | AN15: =CONCATENATE("BÚ"," ",'Příjmy a výdaje'!$E15) -> BÚ | AO15: =IF('Příjmy a výdaje'!$G15="ano",'Příjmy a výdaje'!$B15,0) -> 0 | AP15: =IF('Příjmy a výdaje'!$G15="ano",'Příjmy a výdaje'!$C15,0) -> 0 | AQ15: ='Příjmy a výdaje'!$AP15 -> 0
A16: 11 | J16: =IF(AL16=C16,IF(AL16=0,"-","ok"),"chyba") -> - | P16: =VALUE(IF($D16="vyb",$C16,0))+VALUE(IF($H16="vyb",$G16,0)) -> 0 | Q16: =VALUE(IF($D16="mtv",$C16,0))+VALUE(IF($H16="mtv",$G16,0)) -> 0 | R16: =VALUE(IF($D16="mat",$C16,0))+VALUE(IF($H16="mat",$G16,0)) -> 0 | S16: =VALUE(IF($D16="pot",$C16,0))+VALUE(IF($H16="pot",$G16,0)) -> 0 | T16: =VALUE(IF($D16="táb",$C16,0))+VALUE(IF($H16="táb",$G16,0)) -> 0 | U16: =VALUE(IF($D16="oma",$C16,0))+VALUE(IF($H16="oma",$G16,0)) -> 0 | V16: =VALUE(IF($D16="ces",$C16,0))+VALUE(IF($H16="ces",$G16,0)) -> 0 | W16: =VALUE(IF($D16="poš",$C16,0))+VALUE(IF($H16="poš",$G16,0)) -> 0 | X16: =VALUE(IF($D16="tel",$C16,0))+VALUE(IF($H16="tel",$G16,0)) -> 0 | Y16: =VALUE(IF($D16="dop",$C16,0))+VALUE(IF($H16="dop",$G16,0)) -> 0 | Z16: =VALUE(IF($D16="nák",$C16,0))+VALUE(IF($H16="nák",$G16,0)) -> 0 | AA16: =VALUE(IF($D16="náj",$C16,0))+VALUE(IF($H16="náj",$G16,0)) -> 0 | AB16: =VALUE(IF($D16="půj",$C16,0))+VALUE(IF($H16="půj",$G16,0)) -> 0 | AC16: =VALUE(IF($D16="vst",$C16,0))+VALUE(IF($H16="vst",$G16,0)) -> 0 | AD16: =VALUE(IF($D16="kop",$C16,0))+VALUE(IF($H16="kop",$G16,0)) -> 0 | AE16: =VALUE(IF($D16="osl",$C16,0))+VALUE(IF($H16="osl",$G16,0)) -> 0 | AF16: =VALUE(IF($D16="vra",$C16,0))+VALUE(IF($H16="vra",$G16,0)) -> 0 | AG16: =VALUE(IF($D16="zho",$C16,0))+VALUE(IF($H16="zho",$G16,0)) -> 0 | AH16: =VALUE(IF($D16="zbú",$C16,0))+VALUE(IF($H16="zbú",$G16,0)) -> 0 | AI16: =VALUE(IF($D16="pří",$C16,0))+VALUE(IF($H16="pří",$G16,0)) -> 0 | AJ16: =VALUE(IF($D16="dot",$C16,0))+VALUE(IF($H16="dot",$G16,0)) -> 0 | AK16: =VALUE(IF($D16="opř",$C16,0))+VALUE(IF($H16="opř",$G16,0)) -> 0 | AL16: =SUM(P16:AK16) -> 0 | AN16: =CONCATENATE("BÚ"," ",'Příjmy a výdaje'!$E16) -> BÚ | AO16: =IF('Příjmy a výdaje'!$G16="ano",'Příjmy a výdaje'!$B16,0) -> 0 | AP16: =IF('Příjmy a výdaje'!$G16="ano",'Příjmy a výdaje'!$C16,0) -> 0 | AQ16: ='Příjmy a výdaje'!$AP16 -> 0
A17: 12 | J17: =IF(AL17=C17,IF(AL17=0,"-","ok"),"chyba") -> - | P17: =VALUE(IF($D17="vyb",$C17,0))+VALUE(IF($H17="vyb",$G17,0)) -> 0 | Q17: =VALUE(IF($D17="mtv",$C17,0))+VALUE(IF($H17="mtv",$G17,0)) -> 0 | R17: =VALUE(IF($D17="mat",$C17,0))+VALUE(IF($H17="mat",$G17,0)) -> 0 | S17: =VALUE(IF($D17="pot",$C17,0))+VALUE(IF($H17="pot",$G17,0)) -> 0 | T17: =VALUE(IF($D17="táb",$C17,0))+VALUE(IF($H17="táb",$G17,0)) -> 0 | U17: =VALUE(IF($D17="oma",$C17,0))+VALUE(IF($H17="oma",$G17,0)) -> 0 | V17: =VALUE(IF($D17="ces",$C17,0))+VALUE(IF($H17="ces",$G17,0)) -> 0 | W17: =VALUE(IF($D17="poš",$C17,0))+VALUE(IF($H17="poš",$G17,0)) -> 0 | X17: =VALUE(IF($D17="tel",$C17,0))+VALUE(IF($H17="tel",$G17,0)) -> 0 | Y17: =VALUE(IF($D17="dop",$C17,0))+VALUE(IF($H17="dop",$G17,0)) -> 0 | Z17: =VALUE(IF($D17="nák",$C17,0))+VALUE(IF($H17="nák",$G17,0)) -> 0 | AA17: =VALUE(IF($D17="náj",$C17,0))+VALUE(IF($H17="náj",$G17,0)) -> 0 | AB17: =VALUE(IF($D17="půj",$C17,0))+VALUE(IF($H17="půj",$G17,0)) -> 0 | AC17: =VALUE(IF($D17="vst",$C17,0))+VALUE(IF($H17="vst",$G17,0)) -> 0 | AD17: =VALUE(IF($D17="kop",$C17,0))+VALUE(IF($H17="kop",$G17,0)) -> 0 | AE17: =VALUE(IF($D17="osl",$C17,0))+VALUE(IF($H17="osl",$G17,0)) -> 0 | AF17: =VALUE(IF($D17="vra",$C17,0))+VALUE(IF($H17="vra",$G17,0)) -> 0 | AG17: =VALUE(IF($D17="zho",$C17,0))+VALUE(IF($H17="zho",$G17,0)) -> 0 | AH17: =VALUE(IF($D17="zbú",$C17,0))+VALUE(IF($H17="zbú",$G17,0)) -> 0 | AI17: =VALUE(IF($D17="pří",$C17,0))+VALUE(IF($H17="pří",$G17,0)) -> 0 | AJ17: =VALUE(IF($D17="dot",$C17,0))+VALUE(IF($H17="dot",$G17,0)) -> 0 | AK17: =VALUE(IF($D17="opř",$C17,0))+VALUE(IF($H17="opř",$G17,0)) -> 0 | AL17: =SUM(P17:AK17) -> 0 | AN17: =CONCATENATE("BÚ"," ",'Příjmy a výdaje'!$E17) -> BÚ | AO17: =IF('Příjmy a výdaje'!$G17="ano",'Příjmy a výdaje'!$B17,0) -> 0 | AP17: =IF('Příjmy a výdaje'!$G17="ano",'Příjmy a výdaje'!$C17,0) -> 0 | AQ17: ='Příjmy a výdaje'!$AP17 -> 0
... A25: 20 | J25: =IF(AL25=C25,IF(AL25=0,"-","ok"),"chyba") -> - | P25: =VALUE(IF($D25="vyb",$C25,0))+VALUE(IF($H25="vyb",$G25,0)) -> 0 | Q25: =VALUE(IF($D25="mtv",$C25,0))+VALUE(IF($H25="mtv",$G25,0)) -> 0 | R25: =VALUE(IF($D25="mat",$C25,0))+VALUE(IF($H25="mat",$G25,0)) -> 0 | S25: =VALUE(IF($D25="pot",$C25,0))+VALUE(IF($H25="pot",$G25,0)) -> 0 | T25: =VALUE(IF($D25="táb",$C25,0))+VALUE(IF($H25="táb",$G25,0)) -> 0 | U25: =VALUE(IF($D25="oma",$C25,0))+VALUE(IF($H25="oma",$G25,0)) -> 0 | V25: =VALUE(IF($D25="ces",$C25,0))+VALUE(IF($H25="ces",$G25,0)) -> 0 | W25: =VALUE(IF($D25="poš",$C25,0))+VALUE(IF($H25="poš",$G25,0)) -> 0 | X25: =VALUE(IF($D25="tel",$C25,0))+VALUE(IF($H25="tel",$G25,0)) -> 0 | Y25: =VALUE(IF($D25="dop",$C25,0))+VALUE(IF($H25="dop",$G25,0)) -> 0 | Z25: =VALUE(IF($D25="nák",$C25,0))+VALUE(IF($H25="nák",$G25,0)) -> 0 | AA25: =VALUE(IF($D25="náj",$C25,0))+VALUE(IF($H25="náj",$G25,0)) -> 0 | AB25: =VALUE(IF($D25="půj",$C25,0))+VALUE(IF($H25="půj",$G25,0)) -> 0 | AC25: =VALUE(IF($D25="vst",$C25,0))+VALUE(IF($H25="vst",$G25,0)) -> 0 | AD25: =VALUE(IF($D25="kop",$C25,0))+VALUE(IF($H25="kop",$G25,0)) -> 0 | AE25: =VALUE(IF($D25="osl",$C25,0))+VALUE(IF($H25="osl",$G25,0)) -> 0 | AF25: =VALUE(IF($D25="vra",$C25,0))+VALUE(IF($H25="vra",$G25,0)) -> 0 | AG25: =VALUE(IF($D25="zho",$C25,0))+VALUE(IF($H25="zho",$G25,0)) -> 0 | AH25: =VALUE(IF($D25="zbú",$C25,0))+VALUE(IF($H25="zbú",$G25,0)) -> 0 | AI25: =VALUE(IF($D25="pří",$C25,0))+VALUE(IF($H25="pří",$G25,0)) -> 0 | AJ25: =VALUE(IF($D25="dot",$C25,0))+VALUE(IF($H25="dot",$G25,0)) -> 0 | AK25: =VALUE(IF($D25="opř",$C25,0))+VALUE(IF($H25="opř",$G25,0)) -> 0 | AL25: =SUM(P25:AK25) -> 0 | AN25: =CONCATENATE("BÚ"," ",'Příjmy a výdaje'!$E25) -> BÚ | AO25: =IF('Příjmy a výdaje'!$G25="ano",'Příjmy a výdaje'!$B25,0) -> 0 | AP25: =IF('Příjmy a výdaje'!$G25="ano",'Příjmy a výdaje'!$C25,0) -> 0 | AQ25: ='Příjmy a výdaje'!$AP25 -> 0
A26: 21 | J26: =IF(AL26=C26,IF(AL26=0,"-","ok"),"chyba") -> - | P26: =VALUE(IF($D26="vyb",$C26,0))+VALUE(IF($H26="vyb",$G26,0)) -> 0 | Q26: =VALUE(IF($D26="mtv",$C26,0))+VALUE(IF($H26="mtv",$G26,0)) -> 0 | R26: =VALUE(IF($D26="mat",$C26,0))+VALUE(IF($H26="mat",$G26,0)) -> 0 | S26: =VALUE(IF($D26="pot",$C26,0))+VALUE(IF($H26="pot",$G26,0)) -> 0 | T26: =VALUE(IF($D26="táb",$C26,0))+VALUE(IF($H26="táb",$G26,0)) -> 0 | U26: =VALUE(IF($D26="oma",$C26,0))+VALUE(IF($H26="oma",$G26,0)) -> 0 | V26: =VALUE(IF($D26="ces",$C26,0))+VALUE(IF($H26="ces",$G26,0)) -> 0 | W26: =VALUE(IF($D26="poš",$C26,0))+VALUE(IF($H26="poš",$G26,0)) -> 0 | X26: =VALUE(IF($D26="tel",$C26,0))+VALUE(IF($H26="tel",$G26,0)) -> 0 | Y26: =VALUE(IF($D26="dop",$C26,0))+VALUE(IF($H26="dop",$G26,0)) -> 0 | Z26: =VALUE(IF($D26="nák",$C26,0))+VALUE(IF($H26="nák",$G26,0)) -> 0 | AA26: =VALUE(IF($D26="náj",$C26,0))+VALUE(IF($H26="náj",$G26,0)) -> 0 | AB26: =VALUE(IF($D26="půj",$C26,0))+VALUE(IF($H26="půj",$G26,0)) -> 0 | AC26: =VALUE(IF($D26="vst",$C26,0))+VALUE(IF($H26="vst",$G26,0)) -> 0 | AD26: =VALUE(IF($D26="kop",$C26,0))+VALUE(IF($H26="kop",$G26,0)) -> 0 | AE26: =VALUE(IF($D26="osl",$C26,0))+VALUE(IF($H26="osl",$G26,0)) -> 0 | AF26: =VALUE(IF($D26="vra",$C26,0))+VALUE(IF($H26="vra",$G26,0)) -> 0 | AG26: =VALUE(IF($D26="zho",$C26,0))+VALUE(IF($H26="zho",$G26,0)) -> 0 | AH26: =VALUE(IF($D26="zbú",$C26,0))+VALUE(IF($H26="zbú",$G26,0)) -> 0 | AI26: =VALUE(IF($D26="pří",$C26,0))+VALUE(IF($H26="pří",$G26,0)) -> 0 | AJ26: =VALUE(IF($D26="dot",$C26,0))+VALUE(IF($H26="dot",$G26,0)) -> 0 | AK26: =VALUE(IF($D26="opř",$C26,0))+VALUE(IF($H26="opř",$G26,0)) -> 0 | AL26: =SUM(P26:AK26) -> 0
P27: =SUM(P6:P26) -> 0 | Q27: =SUM(Q6:Q26) -> 0 | R27: =SUM(R6:R26) -> 0 | S27: =SUM(S6:S26) -> 0 | T27: =SUM(T6:T26) -> 0 | U27: =SUM(U6:U26) -> 0 | V27: =SUM(V6:V26) -> 0 | W27: =SUM(W6:W26) -> 0 | ... AK27: =SUM(AK6:AK26) -> 0
B28: PŘEVODY MEZI POKLADNAMI / ZÁLOHY (přijaté i vracené)
B29: Položka | C29: Částka | D29: Kód | E29: Datum platby | F29: Způsob | G29: Komu | J29: Kontrola | P29: vyb | Q29: mtv | R29: mat | S29: pot | T29: táb | U29: oma | V29: ces | W29: poš | X29: tel | Y29: dop | Z29: nák | AA29: náj | AB29: půj | AC29: vst | AD29: kop | AE29: osl | AF29: vra | AG29: zho | AH29: zbú | AI29: pří | AJ29: dot | AK29: opř | AL29: součet
A30: 22 | J30: =IF(AL30=C30,IF(AL30=0,"-","ok"),"chyba") -> - | P30: =VALUE(IF($D30="vyb",$C30,0))+VALUE(IF($H30="vyb",$G30,0)) -> 0 | Q30: =VALUE(IF($D30="mtv",$C30,0))+VALUE(IF($H30="mtv",$G30,0)) -> 0 | R30: =VALUE(IF($D30="mat",$C30,0))+VALUE(IF($H30="mat",$G30,0)) -> 0 | S30: =VALUE(IF($D30="pot",$C30,0))+VALUE(IF($H30="pot",$G30,0)) -> 0 | T30: =VALUE(IF($D30="táb",$C30,0))+VALUE(IF($H30="táb",$G30,0)) -> 0 | U30: =VALUE(IF($D30="oma",$C30,0))+VALUE(IF($H30="oma",$G30,0)) -> 0 | V30: =VALUE(IF($D30="ces",$C30,0))+VALUE(IF($H30="ces",$G30,0)) -> 0 | W30: =VALUE(IF($D30="poš",$C30,0))+VALUE(IF($H30="poš",$G30,0)) -> 0 | X30: =VALUE(IF($D30="tel",$C30,0))+VALUE(IF($H30="tel",$G30,0)) -> 0 | Y30: =VALUE(IF($D30="dop",$C30,0))+VALUE(IF($H30="dop",$G30,0)) -> 0 | Z30: =VALUE(IF($D30="nák",$C30,0))+VALUE(IF($H30="nák",$G30,0)) -> 0 | AA30: =VALUE(IF($D30="náj",$C30,0))+VALUE(IF($H30="náj",$G30,0)) -> 0 | AB30: =VALUE(IF($D30="půj",$C30,0))+VALUE(IF($H30="půj",$G30,0)) -> 0 | AC30: =VALUE(IF($D30="vst",$C30,0))+VALUE(IF($H30="vst",$G30,0)) -> 0 | AD30: =VALUE(IF($D30="kop",$C30,0))+VALUE(IF($H30="kop",$G30,0)) -> 0 | AE30: =VALUE(IF($D30="osl",$C30,0))+VALUE(IF($H30="osl",$G30,0)) -> 0 | AF30: =VALUE(IF($D30="vra",$C30,0))+VALUE(IF($H30="vra",$G30,0)) -> 0 | AG30: =VALUE(IF($D30="zho",$C30,0))+VALUE(IF($H30="zho",$G30,0)) -> 0 | AH30: =VALUE(IF($D30="zbú",$C30,0))+VALUE(IF($H30="zbú",$G30,0)) -> 0 | AI30: =VALUE(IF($D30="pří",$C30,0))+VALUE(IF($H30="pří",$G30,0)) -> 0 | AJ30: =VALUE(IF($D30="dot",$C30,0))+VALUE(IF($H30="dot",$G30,0)) -> 0 | AK30: =VALUE(IF($D30="opř",$C30,0))+VALUE(IF($H30="opř",$G30,0)) -> 0 | AL30: =SUM(P30:AK30) -> 0
A31: 23 | J31: =IF(AL31=C31,IF(AL31=0,"-","ok"),"chyba") -> - | P31: =VALUE(IF($D31="vyb",$C31,0))+VALUE(IF($H31="vyb",$G31,0)) -> 0 | Q31: =VALUE(IF($D31="mtv",$C31,0))+VALUE(IF($H31="mtv",$G31,0)) -> 0 | R31: =VALUE(IF($D31="mat",$C31,0))+VALUE(IF($H31="mat",$G31,0)) -> 0 | S31: =VALUE(IF($D31="pot",$C31,0))+VALUE(IF($H31="pot",$G31,0)) -> 0 | T31: =VALUE(IF($D31="táb",$C31,0))+VALUE(IF($H31="táb",$G31,0)) -> 0 | U31: =VALUE(IF($D31="oma",$C31,0))+VALUE(IF($H31="oma",$G31,0)) -> 0 | V31: =VALUE(IF($D31="ces",$C31,0))+VALUE(IF($H31="ces",$G31,0)) -> 0 | W31: =VALUE(IF($D31="poš",$C31,0))+VALUE(IF($H31="poš",$G31,0)) -> 0 | X31: =VALUE(IF($D31="tel",$C31,0))+VALUE(IF($H31="tel",$G31,0)) -> 0 | Y31: =VALUE(IF($D31="dop",$C31,0))+VALUE(IF($H31="dop",$G31,0)) -> 0 | Z31: =VALUE(IF($D31="nák",$C31,0))+VALUE(IF($H31="nák",$G31,0)) -> 0 | AA31: =VALUE(IF($D31="náj",$C31,0))+VALUE(IF($H31="náj",$G31,0)) -> 0 | AB31: =VALUE(IF($D31="půj",$C31,0))+VALUE(IF($H31="půj",$G31,0)) -> 0 | AC31: =VALUE(IF($D31="vst",$C31,0))+VALUE(IF($H31="vst",$G31,0)) -> 0 | AD31: =VALUE(IF($D31="kop",$C31,0))+VALUE(IF($H31="kop",$G31,0)) -> 0 | AE31: =VALUE(IF($D31="osl",$C31,0))+VALUE(IF($H31="osl",$G31,0)) -> 0 | AF31: =VALUE(IF($D31="vra",$C31,0))+VALUE(IF($H31="vra",$G31,0)) -> 0 | AG31: =VALUE(IF($D31="zho",$C31,0))+VALUE(IF($H31="zho",$G31,0)) -> 0 | AH31: =VALUE(IF($D31="zbú",$C31,0))+VALUE(IF($H31="zbú",$G31,0)) -> 0 | AI31: =VALUE(IF($D31="pří",$C31,0))+VALUE(IF($H31="pří",$G31,0)) -> 0 | AJ31: =VALUE(IF($D31="dot",$C31,0))+VALUE(IF($H31="dot",$G31,0)) -> 0 | AK31: =VALUE(IF($D31="opř",$C31,0))+VALUE(IF($H31="opř",$G31,0)) -> 0 | AL31: =SUM(P31:AK31) -> 0
A32: 24 | J32: =IF(AL32=C32,IF(AL32=0,"-","ok"),"chyba") -> - | P32: =VALUE(IF($D32="vyb",$C32,0))+VALUE(IF($H32="vyb",$G32,0)) -> 0 | Q32: =VALUE(IF($D32="mtv",$C32,0))+VALUE(IF($H32="mtv",$G32,0)) -> 0 | R32: =VALUE(IF($D32="mat",$C32,0))+VALUE(IF($H32="mat",$G32,0)) -> 0 | S32: =VALUE(IF($D32="pot",$C32,0))+VALUE(IF($H32="pot",$G32,0)) -> 0 | T32: =VALUE(IF($D32="táb",$C32,0))+VALUE(IF($H32="táb",$G32,0)) -> 0 | U32: =VALUE(IF($D32="oma",$C32,0))+VALUE(IF($H32="oma",$G32,0)) -> 0 | V32: =VALUE(IF($D32="ces",$C32,0))+VALUE(IF($H32="ces",$G32,0)) -> 0 | W32: =VALUE(IF($D32="poš",$C32,0))+VALUE(IF($H32="poš",$G32,0)) -> 0 | X32: =VALUE(IF($D32="tel",$C32,0))+VALUE(IF($H32="tel",$G32,0)) -> 0 | Y32: =VALUE(IF($D32="dop",$C32,0))+VALUE(IF($H32="dop",$G32,0)) -> 0 | Z32: =VALUE(IF($D32="nák",$C32,0))+VALUE(IF($H32="nák",$G32,0)) -> 0 | AA32: =VALUE(IF($D32="náj",$C32,0))+VALUE(IF($H32="náj",$G32,0)) -> 0 | AB32: =VALUE(IF($D32="půj",$C32,0))+VALUE(IF($H32="půj",$G32,0)) -> 0 | AC32: =VALUE(IF($D32="vst",$C32,0))+VALUE(IF($H32="vst",$G32,0)) -> 0 | AD32: =VALUE(IF($D32="kop",$C32,0))+VALUE(IF($H32="kop",$G32,0)) -> 0 | AE32: =VALUE(IF($D32="osl",$C32,0))+VALUE(IF($H32="osl",$G32,0)) -> 0 | AF32: =VALUE(IF($D32="vra",$C32,0))+VALUE(IF($H32="vra",$G32,0)) -> 0 | AG32: =VALUE(IF($D32="zho",$C32,0))+VALUE(IF($H32="zho",$G32,0)) -> 0 | AH32: =VALUE(IF($D32="zbú",$C32,0))+VALUE(IF($H32="zbú",$G32,0)) -> 0 | AI32: =VALUE(IF($D32="pří",$C32,0))+VALUE(IF($H32="pří",$G32,0)) -> 0 | AJ32: =VALUE(IF($D32="dot",$C32,0))+VALUE(IF($H32="dot",$G32,0)) -> 0 | AK32: =VALUE(IF($D32="opř",$C32,0))+VALUE(IF($H32="opř",$G32,0)) -> 0 | AL32: =SUM(P32:AK32) -> 0
A33: 25 | J33: =IF(AL33=C33,IF(AL33=0,"-","ok"),"chyba") -> - | P33: =VALUE(IF($D33="vyb",$C33,0))+VALUE(IF($H33="vyb",$G33,0)) -> 0 | Q33: =VALUE(IF($D33="mtv",$C33,0))+VALUE(IF($H33="mtv",$G33,0)) -> 0 | R33: =VALUE(IF($D33="mat",$C33,0))+VALUE(IF($H33="mat",$G33,0)) -> 0 | S33: =VALUE(IF($D33="pot",$C33,0))+VALUE(IF($H33="pot",$G33,0)) -> 0 | T33: =VALUE(IF($D33="táb",$C33,0))+VALUE(IF($H33="táb",$G33,0)) -> 0 | U33: =VALUE(IF($D33="oma",$C33,0))+VALUE(IF($H33="oma",$G33,0)) -> 0 | V33: =VALUE(IF($D33="ces",$C33,0))+VALUE(IF($H33="ces",$G33,0)) -> 0 | W33: =VALUE(IF($D33="poš",$C33,0))+VALUE(IF($H33="poš",$G33,0)) -> 0 | X33: =VALUE(IF($D33="tel",$C33,0))+VALUE(IF($H33="tel",$G33,0)) -> 0 | Y33: =VALUE(IF($D33="dop",$C33,0))+VALUE(IF($H33="dop",$G33,0)) -> 0 | Z33: =VALUE(IF($D33="nák",$C33,0))+VALUE(IF($H33="nák",$G33,0)) -> 0 | AA33: =VALUE(IF($D33="náj",$C33,0))+VALUE(IF($H33="náj",$G33,0)) -> 0 | AB33: =VALUE(IF($D33="půj",$C33,0))+VALUE(IF($H33="půj",$G33,0)) -> 0 | AC33: =VALUE(IF($D33="vst",$C33,0))+VALUE(IF($H33="vst",$G33,0)) -> 0 | AD33: =VALUE(IF($D33="kop",$C33,0))+VALUE(IF($H33="kop",$G33,0)) -> 0 | AE33: =VALUE(IF($D33="osl",$C33,0))+VALUE(IF($H33="osl",$G33,0)) -> 0 | AF33: =VALUE(IF($D33="vra",$C33,0))+VALUE(IF($H33="vra",$G33,0)) -> 0 | AG33: =VALUE(IF($D33="zho",$C33,0))+VALUE(IF($H33="zho",$G33,0)) -> 0 | AH33: =VALUE(IF($D33="zbú",$C33,0))+VALUE(IF($H33="zbú",$G33,0)) -> 0 | AI33: =VALUE(IF($D33="pří",$C33,0))+VALUE(IF($H33="pří",$G33,0)) -> 0 | AJ33: =VALUE(IF($D33="dot",$C33,0))+VALUE(IF($H33="dot",$G33,0)) -> 0 | AK33: =VALUE(IF($D33="opř",$C33,0))+VALUE(IF($H33="opř",$G33,0)) -> 0 | AL33: =SUM(P33:AK33) -> 0
A34: 26 | J34: =IF(AL34=C34,IF(AL34=0,"-","ok"),"chyba") -> - | P34: =VALUE(IF($D34="vyb",$C34,0))+VALUE(IF($H34="vyb",$G34,0)) -> 0 | Q34: =VALUE(IF($D34="mtv",$C34,0))+VALUE(IF($H34="mtv",$G34,0)) -> 0 | R34: =VALUE(IF($D34="mat",$C34,0))+VALUE(IF($H34="mat",$G34,0)) -> 0 | S34: =VALUE(IF($D34="pot",$C34,0))+VALUE(IF($H34="pot",$G34,0)) -> 0 | T34: =VALUE(IF($D34="táb",$C34,0))+VALUE(IF($H34="táb",$G34,0)) -> 0 | U34: =VALUE(IF($D34="oma",$C34,0))+VALUE(IF($H34="oma",$G34,0)) -> 0 | V34: =VALUE(IF($D34="ces",$C34,0))+VALUE(IF($H34="ces",$G34,0)) -> 0 | W34: =VALUE(IF($D34="poš",$C34,0))+VALUE(IF($H34="poš",$G34,0)) -> 0 | X34: =VALUE(IF($D34="tel",$C34,0))+VALUE(IF($H34="tel",$G34,0)) -> 0 | Y34: =VALUE(IF($D34="dop",$C34,0))+VALUE(IF($H34="dop",$G34,0)) -> 0 | Z34: =VALUE(IF($D34="nák",$C34,0))+VALUE(IF($H34="nák",$G34,0)) -> 0 | AA34: =VALUE(IF($D34="náj",$C34,0))+VALUE(IF($H34="náj",$G34,0)) -> 0 | AB34: =VALUE(IF($D34="půj",$C34,0))+VALUE(IF($H34="půj",$G34,0)) -> 0 | AC34: =VALUE(IF($D34="vst",$C34,0))+VALUE(IF($H34="vst",$G34,0)) -> 0 | AD34: =VALUE(IF($D34="kop",$C34,0))+VALUE(IF($H34="kop",$G34,0)) -> 0 | AE34: =VALUE(IF($D34="osl",$C34,0))+VALUE(IF($H34="osl",$G34,0)) -> 0 | AF34: =VALUE(IF($D34="vra",$C34,0))+VALUE(IF($H34="vra",$G34,0)) -> 0 | AG34: =VALUE(IF($D34="zho",$C34,0))+VALUE(IF($H34="zho",$G34,0)) -> 0 | AH34: =VALUE(IF($D34="zbú",$C34,0))+VALUE(IF($H34="zbú",$G34,0)) -> 0 | AI34: =VALUE(IF($D34="pří",$C34,0))+VALUE(IF($H34="pří",$G34,0)) -> 0 | AJ34: =VALUE(IF($D34="dot",$C34,0))+VALUE(IF($H34="dot",$G34,0)) -> 0 | AK34: =VALUE(IF($D34="opř",$C34,0))+VALUE(IF($H34="opř",$G34,0)) -> 0 | AL34: =SUM(P34:AK34) -> 0
A35: 27 | J35: =IF(AL35=C35,IF(AL35=0,"-","ok"),"chyba") -> - | P35: =VALUE(IF($D35="vyb",$C35,0))+VALUE(IF($H35="vyb",$G35,0)) -> 0 | Q35: =VALUE(IF($D35="mtv",$C35,0))+VALUE(IF($H35="mtv",$G35,0)) -> 0 | R35: =VALUE(IF($D35="mat",$C35,0))+VALUE(IF($H35="mat",$G35,0)) -> 0 | S35: =VALUE(IF($D35="pot",$C35,0))+VALUE(IF($H35="pot",$G35,0)) -> 0 | T35: =VALUE(IF($D35="táb",$C35,0))+VALUE(IF($H35="táb",$G35,0)) -> 0 | U35: =VALUE(IF($D35="oma",$C35,0))+VALUE(IF($H35="oma",$G35,0)) -> 0 | V35: =VALUE(IF($D35="ces",$C35,0))+VALUE(IF($H35="ces",$G35,0)) -> 0 | W35: =VALUE(IF($D35="poš",$C35,0))+VALUE(IF($H35="poš",$G35,0)) -> 0 | X35: =VALUE(IF($D35="tel",$C35,0))+VALUE(IF($H35="tel",$G35,0)) -> 0 | Y35: =VALUE(IF($D35="dop",$C35,0))+VALUE(IF($H35="dop",$G35,0)) -> 0 | Z35: =VALUE(IF($D35="nák",$C35,0))+VALUE(IF($H35="nák",$G35,0)) -> 0 | AA35: =VALUE(IF($D35="náj",$C35,0))+VALUE(IF($H35="náj",$G35,0)) -> 0 | AB35: =VALUE(IF($D35="půj",$C35,0))+VALUE(IF($H35="půj",$G35,0)) -> 0 | AC35: =VALUE(IF($D35="vst",$C35,0))+VALUE(IF($H35="vst",$G35,0)) -> 0 | AD35: =VALUE(IF($D35="kop",$C35,0))+VALUE(IF($H35="kop",$G35,0)) -> 0 | AE35: =VALUE(IF($D35="osl",$C35,0))+VALUE(IF($H35="osl",$G35,0)) -> 0 | AF35: =VALUE(IF($D35="vra",$C35,0))+VALUE(IF($H35="vra",$G35,0)) -> 0 | AG35: =VALUE(IF($D35="zho",$C35,0))+VALUE(IF($H35="zho",$G35,0)) -> 0 | AH35: =VALUE(IF($D35="zbú",$C35,0))+VALUE(IF($H35="zbú",$G35,0)) -> 0 | AI35: =VALUE(IF($D35="pří",$C35,0))+VALUE(IF($H35="pří",$G35,0)) -> 0 | AJ35: =VALUE(IF($D35="dot",$C35,0))+VALUE(IF($H35="dot",$G35,0)) -> 0 | AK35: =VALUE(IF($D35="opř",$C35,0))+VALUE(IF($H35="opř",$G35,0)) -> 0 | AL35: =SUM(P35:AK35) -> 0
A36: 28 | J36: =IF(AL36=C36,IF(AL36=0,"-","ok"),"chyba") -> - | P36: =VALUE(IF($D36="vyb",$C36,0))+VALUE(IF($H36="vyb",$G36,0)) -> 0 | Q36: =VALUE(IF($D36="mtv",$C36,0))+VALUE(IF($H36="mtv",$G36,0)) -> 0 | R36: =VALUE(IF($D36="mat",$C36,0))+VALUE(IF($H36="mat",$G36,0)) -> 0 | S36: =VALUE(IF($D36="pot",$C36,0))+VALUE(IF($H36="pot",$G36,0)) -> 0 | T36: =VALUE(IF($D36="táb",$C36,0))+VALUE(IF($H36="táb",$G36,0)) -> 0 | U36: =VALUE(IF($D36="oma",$C36,0))+VALUE(IF($H36="oma",$G36,0)) -> 0 | V36: =VALUE(IF($D36="ces",$C36,0))+VALUE(IF($H36="ces",$G36,0)) -> 0 | W36: =VALUE(IF($D36="poš",$C36,0))+VALUE(IF($H36="poš",$G36,0)) -> 0 | X36: =VALUE(IF($D36="tel",$C36,0))+VALUE(IF($H36="tel",$G36,0)) -> 0 | Y36: =VALUE(IF($D36="dop",$C36,0))+VALUE(IF($H36="dop",$G36,0)) -> 0 | Z36: =VALUE(IF($D36="nák",$C36,0))+VALUE(IF($H36="nák",$G36,0)) -> 0 | AA36: =VALUE(IF($D36="náj",$C36,0))+VALUE(IF($H36="náj",$G36,0)) -> 0 | AB36: =VALUE(IF($D36="půj",$C36,0))+VALUE(IF($H36="půj",$G36,0)) -> 0 | AC36: =VALUE(IF($D36="vst",$C36,0))+VALUE(IF($H36="vst",$G36,0)) -> 0 | AD36: =VALUE(IF($D36="kop",$C36,0))+VALUE(IF($H36="kop",$G36,0)) -> 0 | AE36: =VALUE(IF($D36="osl",$C36,0))+VALUE(IF($H36="osl",$G36,0)) -> 0 | AF36: =VALUE(IF($D36="vra",$C36,0))+VALUE(IF($H36="vra",$G36,0)) -> 0 | AG36: =VALUE(IF($D36="zho",$C36,0))+VALUE(IF($H36="zho",$G36,0)) -> 0 | AH36: =VALUE(IF($D36="zbú",$C36,0))+VALUE(IF($H36="zbú",$G36,0)) -> 0 | AI36: =VALUE(IF($D36="pří",$C36,0))+VALUE(IF($H36="pří",$G36,0)) -> 0 | AJ36: =VALUE(IF($D36="dot",$C36,0))+VALUE(IF($H36="dot",$G36,0)) -> 0 | AK36: =VALUE(IF($D36="opř",$C36,0))+VALUE(IF($H36="opř",$G36,0)) -> 0 | AL36: =SUM(P36:AK36) -> 0
A37: 29 | J37: =IF(AL37=C37,IF(AL37=0,"-","ok"),"chyba") -> - | P37: =VALUE(IF($D37="vyb",$C37,0))+VALUE(IF($H37="vyb",$G37,0)) -> 0 | Q37: =VALUE(IF($D37="mtv",$C37,0))+VALUE(IF($H37="mtv",$G37,0)) -> 0 | R37: =VALUE(IF($D37="mat",$C37,0))+VALUE(IF($H37="mat",$G37,0)) -> 0 | S37: =VALUE(IF($D37="pot",$C37,0))+VALUE(IF($H37="pot",$G37,0)) -> 0 | T37: =VALUE(IF($D37="táb",$C37,0))+VALUE(IF($H37="táb",$G37,0)) -> 0 | U37: =VALUE(IF($D37="oma",$C37,0))+VALUE(IF($H37="oma",$G37,0)) -> 0 | V37: =VALUE(IF($D37="ces",$C37,0))+VALUE(IF($H37="ces",$G37,0)) -> 0 | W37: =VALUE(IF($D37="poš",$C37,0))+VALUE(IF($H37="poš",$G37,0)) -> 0 | X37: =VALUE(IF($D37="tel",$C37,0))+VALUE(IF($H37="tel",$G37,0)) -> 0 | Y37: =VALUE(IF($D37="dop",$C37,0))+VALUE(IF($H37="dop",$G37,0)) -> 0 | Z37: =VALUE(IF($D37="nák",$C37,0))+VALUE(IF($H37="nák",$G37,0)) -> 0 | AA37: =VALUE(IF($D37="náj",$C37,0))+VALUE(IF($H37="náj",$G37,0)) -> 0 | AB37: =VALUE(IF($D37="půj",$C37,0))+VALUE(IF($H37="půj",$G37,0)) -> 0 | AC37: =VALUE(IF($D37="vst",$C37,0))+VALUE(IF($H37="vst",$G37,0)) -> 0 | AD37: =VALUE(IF($D37="kop",$C37,0))+VALUE(IF($H37="kop",$G37,0)) -> 0 | AE37: =VALUE(IF($D37="osl",$C37,0))+VALUE(IF($H37="osl",$G37,0)) -> 0 | AF37: =VALUE(IF($D37="vra",$C37,0))+VALUE(IF($H37="vra",$G37,0)) -> 0 | AG37: =VALUE(IF($D37="zho",$C37,0))+VALUE(IF($H37="zho",$G37,0)) -> 0 | AH37: =VALUE(IF($D37="zbú",$C37,0))+VALUE(IF($H37="zbú",$G37,0)) -> 0 | AI37: =VALUE(IF($D37="pří",$C37,0))+VALUE(IF($H37="pří",$G37,0)) -> 0 | AJ37: =VALUE(IF($D37="dot",$C37,0))+VALUE(IF($H37="dot",$G37,0)) -> 0 | AK37: =VALUE(IF($D37="opř",$C37,0))+VALUE(IF($H37="opř",$G37,0)) -> 0 | AL37: =SUM(P37:AK37) -> 0
A38: 30 | J38: =IF(AL38=C38,IF(AL38=0,"-","ok"),"chyba") -> - | P38: =VALUE(IF($D38="vyb",$C38,0))+VALUE(IF($H38="vyb",$G38,0)) -> 0 | Q38: =VALUE(IF($D38="mtv",$C38,0))+VALUE(IF($H38="mtv",$G38,0)) -> 0 | R38: =VALUE(IF($D38="mat",$C38,0))+VALUE(IF($H38="mat",$G38,0)) -> 0 | S38: =VALUE(IF($D38="pot",$C38,0))+VALUE(IF($H38="pot",$G38,0)) -> 0 | T38: =VALUE(IF($D38="táb",$C38,0))+VALUE(IF($H38="táb",$G38,0)) -> 0 | U38: =VALUE(IF($D38="oma",$C38,0))+VALUE(IF($H38="oma",$G38,0)) -> 0 | V38: =VALUE(IF($D38="ces",$C38,0))+VALUE(IF($H38="ces",$G38,0)) -> 0 | W38: =VALUE(IF($D38="poš",$C38,0))+VALUE(IF($H38="poš",$G38,0)) -> 0 | X38: =VALUE(IF($D38="tel",$C38,0))+VALUE(IF($H38="tel",$G38,0)) -> 0 | Y38: =VALUE(IF($D38="dop",$C38,0))+VALUE(IF($H38="dop",$G38,0)) -> 0 | Z38: =VALUE(IF($D38="nák",$C38,0))+VALUE(IF($H38="nák",$G38,0)) -> 0 | AA38: =VALUE(IF($D38="náj",$C38,0))+VALUE(IF($H38="náj",$G38,0)) -> 0 | AB38: =VALUE(IF($D38="půj",$C38,0))+VALUE(IF($H38="půj",$G38,0)) -> 0 | AC38: =VALUE(IF($D38="vst",$C38,0))+VALUE(IF($H38="vst",$G38,0)) -> 0 | AD38: =VALUE(IF($D38="kop",$C38,0))+VALUE(IF($H38="kop",$G38,0)) -> 0 | AE38: =VALUE(IF($D38="osl",$C38,0))+VALUE(IF($H38="osl",$G38,0)) -> 0 | AF38: =VALUE(IF($D38="vra",$C38,0))+VALUE(IF($H38="vra",$G38,0)) -> 0 | AG38: =VALUE(IF($D38="zho",$C38,0))+VALUE(IF($H38="zho",$G38,0)) -> 0 | AH38: =VALUE(IF($D38="zbú",$C38,0))+VALUE(IF($H38="zbú",$G38,0)) -> 0 | AI38: =VALUE(IF($D38="pří",$C38,0))+VALUE(IF($H38="pří",$G38,0)) -> 0 | AJ38: =VALUE(IF($D38="dot",$C38,0))+VALUE(IF($H38="dot",$G38,0)) -> 0 | AK38: =VALUE(IF($D38="opř",$C38,0))+VALUE(IF($H38="opř",$G38,0)) -> 0 | AL38: =SUM(P38:AK38) -> 0
A39: 31 | J39: =IF(AL39=C39,IF(AL39=0,"-","ok"),"chyba") -> - | P39: =VALUE(IF($D39="vyb",$C39,0))+VALUE(IF($H39="vyb",$G39,0)) -> 0 | Q39: =VALUE(IF($D39="mtv",$C39,0))+VALUE(IF($H39="mtv",$G39,0)) -> 0 | R39: =VALUE(IF($D39="mat",$C39,0))+VALUE(IF($H39="mat",$G39,0)) -> 0 | S39: =VALUE(IF($D39="pot",$C39,0))+VALUE(IF($H39="pot",$G39,0)) -> 0 | T39: =VALUE(IF($D39="táb",$C39,0))+VALUE(IF($H39="táb",$G39,0)) -> 0 | U39: =VALUE(IF($D39="oma",$C39,0))+VALUE(IF($H39="oma",$G39,0)) -> 0 | V39: =VALUE(IF($D39="ces",$C39,0))+VALUE(IF($H39="ces",$G39,0)) -> 0 | W39: =VALUE(IF($D39="poš",$C39,0))+VALUE(IF($H39="poš",$G39,0)) -> 0 | X39: =VALUE(IF($D39="tel",$C39,0))+VALUE(IF($H39="tel",$G39,0)) -> 0 | Y39: =VALUE(IF($D39="dop",$C39,0))+VALUE(IF($H39="dop",$G39,0)) -> 0 | Z39: =VALUE(IF($D39="nák",$C39,0))+VALUE(IF($H39="nák",$G39,0)) -> 0 | AA39: =VALUE(IF($D39="náj",$C39,0))+VALUE(IF($H39="náj",$G39,0)) -> 0 | AB39: =VALUE(IF($D39="půj",$C39,0))+VALUE(IF($H39="půj",$G39,0)) -> 0 | AC39: =VALUE(IF($D39="vst",$C39,0))+VALUE(IF($H39="vst",$G39,0)) -> 0 | AD39: =VALUE(IF($D39="kop",$C39,0))+VALUE(IF($H39="kop",$G39,0)) -> 0 | AE39: =VALUE(IF($D39="osl",$C39,0))+VALUE(IF($H39="osl",$G39,0)) -> 0 | AF39: =VALUE(IF($D39="vra",$C39,0))+VALUE(IF($H39="vra",$G39,0)) -> 0 | AG39: =VALUE(IF($D39="zho",$C39,0))+VALUE(IF($H39="zho",$G39,0)) -> 0 | AH39: =VALUE(IF($D39="zbú",$C39,0))+VALUE(IF($H39="zbú",$G39,0)) -> 0 | AI39: =VALUE(IF($D39="pří",$C39,0))+VALUE(IF($H39="pří",$G39,0)) -> 0 | AJ39: =VALUE(IF($D39="dot",$C39,0))+VALUE(IF($H39="dot",$G39,0)) -> 0 | AK39: =VALUE(IF($D39="opř",$C39,0))+VALUE(IF($H39="opř",$G39,0)) -> 0 | AL39: =SUM(P39:AK39) -> 0
A40: 32 | J40: =IF(AL40=C40,IF(AL40=0,"-","ok"),"chyba") -> - | P40: =VALUE(IF($D40="vyb",$C40,0))+VALUE(IF($H40="vyb",$G40,0)) -> 0 | Q40: =VALUE(IF($D40="mtv",$C40,0))+VALUE(IF($H40="mtv",$G40,0)) -> 0 | R40: =VALUE(IF($D40="mat",$C40,0))+VALUE(IF($H40="mat",$G40,0)) -> 0 | S40: =VALUE(IF($D40="pot",$C40,0))+VALUE(IF($H40="pot",$G40,0)) -> 0 | T40: =VALUE(IF($D40="táb",$C40,0))+VALUE(IF($H40="táb",$G40,0)) -> 0 | U40: =VALUE(IF($D40="oma",$C40,0))+VALUE(IF($H40="oma",$G40,0)) -> 0 | V40: =VALUE(IF($D40="ces",$C40,0))+VALUE(IF($H40="ces",$G40,0)) -> 0 | W40: =VALUE(IF($D40="poš",$C40,0))+VALUE(IF($H40="poš",$G40,0)) -> 0 | X40: =VALUE(IF($D40="tel",$C40,0))+VALUE(IF($H40="tel",$G40,0)) -> 0 | Y40: =VALUE(IF($D40="dop",$C40,0))+VALUE(IF($H40="dop",$G40,0)) -> 0 | Z40: =VALUE(IF($D40="nák",$C40,0))+VALUE(IF($H40="nák",$G40,0)) -> 0 | AA40: =VALUE(IF($D40="náj",$C40,0))+VALUE(IF($H40="náj",$G40,0)) -> 0 | AB40: =VALUE(IF($D40="půj",$C40,0))+VALUE(IF($H40="půj",$G40,0)) -> 0 | AC40: =VALUE(IF($D40="vst",$C40,0))+VALUE(IF($H40="vst",$G40,0)) -> 0 | AD40: =VALUE(IF($D40="kop",$C40,0))+VALUE(IF($H40="kop",$G40,0)) -> 0 | AE40: =VALUE(IF($D40="osl",$C40,0))+VALUE(IF($H40="osl",$G40,0)) -> 0 | AF40: =VALUE(IF($D40="vra",$C40,0))+VALUE(IF($H40="vra",$G40,0)) -> 0 | AG40: =VALUE(IF($D40="zho",$C40,0))+VALUE(IF($H40="zho",$G40,0)) -> 0 | AH40: =VALUE(IF($D40="zbú",$C40,0))+VALUE(IF($H40="zbú",$G40,0)) -> 0 | AI40: =VALUE(IF($D40="pří",$C40,0))+VALUE(IF($H40="pří",$G40,0)) -> 0 | AJ40: =VALUE(IF($D40="dot",$C40,0))+VALUE(IF($H40="dot",$G40,0)) -> 0 | AK40: =VALUE(IF($D40="opř",$C40,0))+VALUE(IF($H40="opř",$G40,0)) -> 0 | AL40: =SUM(P40:AK40) -> 0
A41: 33 | J41: =IF(AL41=C41,IF(AL41=0,"-","ok"),"chyba") -> - | P41: =VALUE(IF($D41="vyb",$C41,0))+VALUE(IF($H41="vyb",$G41,0)) -> 0 | Q41: =VALUE(IF($D41="mtv",$C41,0))+VALUE(IF($H41="mtv",$G41,0)) -> 0 | R41: =VALUE(IF($D41="mat",$C41,0))+VALUE(IF($H41="mat",$G41,0)) -> 0 | S41: =VALUE(IF($D41="pot",$C41,0))+VALUE(IF($H41="pot",$G41,0)) -> 0 | T41: =VALUE(IF($D41="táb",$C41,0))+VALUE(IF($H41="táb",$G41,0)) -> 0 | U41: =VALUE(IF($D41="oma",$C41,0))+VALUE(IF($H41="oma",$G41,0)) -> 0 | V41: =VALUE(IF($D41="ces",$C41,0))+VALUE(IF($H41="ces",$G41,0)) -> 0 | W41: =VALUE(IF($D41="poš",$C41,0))+VALUE(IF($H41="poš",$G41,0)) -> 0 | X41: =VALUE(IF($D41="tel",$C41,0))+VALUE(IF($H41="tel",$G41,0)) -> 0 | Y41: =VALUE(IF($D41="dop",$C41,0))+VALUE(IF($H41="dop",$G41,0)) -> 0 | Z41: =VALUE(IF($D41="nák",$C41,0))+VALUE(IF($H41="nák",$G41,0)) -> 0 | AA41: =VALUE(IF($D41="náj",$C41,0))+VALUE(IF($H41="náj",$G41,0)) -> 0 | AB41: =VALUE(IF($D41="půj",$C41,0))+VALUE(IF($H41="půj",$G41,0)) -> 0 | AC41: =VALUE(IF($D41="vst",$C41,0))+VALUE(IF($H41="vst",$G41,0)) -> 0 | AD41: =VALUE(IF($D41="kop",$C41,0))+VALUE(IF($H41="kop",$G41,0)) -> 0 | AE41: =VALUE(IF($D41="osl",$C41,0))+VALUE(IF($H41="osl",$G41,0)) -> 0 | AF41: =VALUE(IF($D41="vra",$C41,0))+VALUE(IF($H41="vra",$G41,0)) -> 0 | AG41: =VALUE(IF($D41="zho",$C41,0))+VALUE(IF($H41="zho",$G41,0)) -> 0 | AH41: =VALUE(IF($D41="zbú",$C41,0))+VALUE(IF($H41="zbú",$G41,0)) -> 0 | AI41: =VALUE(IF($D41="pří",$C41,0))+VALUE(IF($H41="pří",$G41,0)) -> 0 | AJ41: =VALUE(IF($D41="dot",$C41,0))+VALUE(IF($H41="dot",$G41,0)) -> 0 | AK41: =VALUE(IF($D41="opř",$C41,0))+VALUE(IF($H41="opř",$G41,0)) -> 0 | AL41: =SUM(P41:AK41) -> 0
... A57: 49 | J57: =IF(AL57=C57,IF(AL57=0,"-","ok"),"chyba") -> - | P57: =VALUE(IF($D57="vyb",$C57,0))+VALUE(IF($H57="vyb",$G57,0)) -> 0 | Q57: =VALUE(IF($D57="mtv",$C57,0))+VALUE(IF($H57="mtv",$G57,0)) -> 0 | R57: =VALUE(IF($D57="mat",$C57,0))+VALUE(IF($H57="mat",$G57,0)) -> 0 | S57: =VALUE(IF($D57="pot",$C57,0))+VALUE(IF($H57="pot",$G57,0)) -> 0 | T57: =VALUE(IF($D57="táb",$C57,0))+VALUE(IF($H57="táb",$G57,0)) -> 0 | U57: =VALUE(IF($D57="oma",$C57,0))+VALUE(IF($H57="oma",$G57,0)) -> 0 | V57: =VALUE(IF($D57="ces",$C57,0))+VALUE(IF($H57="ces",$G57,0)) -> 0 | W57: =VALUE(IF($D57="poš",$C57,0))+VALUE(IF($H57="poš",$G57,0)) -> 0 | X57: =VALUE(IF($D57="tel",$C57,0))+VALUE(IF($H57="tel",$G57,0)) -> 0 | Y57: =VALUE(IF($D57="dop",$C57,0))+VALUE(IF($H57="dop",$G57,0)) -> 0 | Z57: =VALUE(IF($D57="nák",$C57,0))+VALUE(IF($H57="nák",$G57,0)) -> 0 | AA57: =VALUE(IF($D57="náj",$C57,0))+VALUE(IF($H57="náj",$G57,0)) -> 0 | AB57: =VALUE(IF($D57="půj",$C57,0))+VALUE(IF($H57="půj",$G57,0)) -> 0 | AC57: =VALUE(IF($D57="vst",$C57,0))+VALUE(IF($H57="vst",$G57,0)) -> 0 | AD57: =VALUE(IF($D57="kop",$C57,0))+VALUE(IF($H57="kop",$G57,0)) -> 0 | AE57: =VALUE(IF($D57="osl",$C57,0))+VALUE(IF($H57="osl",$G57,0)) -> 0 | AF57: =VALUE(IF($D57="vra",$C57,0))+VALUE(IF($H57="vra",$G57,0)) -> 0 | AG57: =VALUE(IF($D57="zho",$C57,0))+VALUE(IF($H57="zho",$G57,0)) -> 0 | AH57: =VALUE(IF($D57="zbú",$C57,0))+VALUE(IF($H57="zbú",$G57,0)) -> 0 | AI57: =VALUE(IF($D57="pří",$C57,0))+VALUE(IF($H57="pří",$G57,0)) -> 0 | AJ57: =VALUE(IF($D57="dot",$C57,0))+VALUE(IF($H57="dot",$G57,0)) -> 0 | AK57: =VALUE(IF($D57="opř",$C57,0))+VALUE(IF($H57="opř",$G57,0)) -> 0 | AL57: =SUM(P57:AK57) -> 0
P58: =VALUE(IF($D58="vyb",$C58,0))+VALUE(IF($H58="vyb",$G58,0)) -> 0 | Q58: =VALUE(IF($D58="mtv",$C58,0))+VALUE(IF($H58="mtv",$G58,0)) -> 0 | R58: =VALUE(IF($D58="mat",$C58,0))+VALUE(IF($H58="mat",$G58,0)) -> 0 | S58: =VALUE(IF($D58="pot",$C58,0))+VALUE(IF($H58="pot",$G58,0)) -> 0 | T58: =VALUE(IF($D58="táb",$C58,0))+VALUE(IF($H58="táb",$G58,0)) -> 0 | U58: =VALUE(IF($D58="oma",$C58,0))+VALUE(IF($H58="oma",$G58,0)) -> 0 | V58: =VALUE(IF($D58="ces",$C58,0))+VALUE(IF($H58="ces",$G58,0)) -> 0 | W58: =VALUE(IF($D58="poš",$C58,0))+VALUE(IF($H58="poš",$G58,0)) -> 0 | X58: =VALUE(IF($D58="tel",$C58,0))+VALUE(IF($H58="tel",$G58,0)) -> 0 | Y58: =VALUE(IF($D58="dop",$C58,0))+VALUE(IF($H58="dop",$G58,0)) -> 0 | Z58: =VALUE(IF($D58="nák",$C58,0))+VALUE(IF($H58="nák",$G58,0)) -> 0 | AA58: =VALUE(IF($D58="náj",$C58,0))+VALUE(IF($H58="náj",$G58,0)) -> 0 | AB58: =VALUE(IF($D58="půj",$C58,0))+VALUE(IF($H58="půj",$G58,0)) -> 0 | AC58: =VALUE(IF($D58="vst",$C58,0))+VALUE(IF($H58="vst",$G58,0)) -> 0 | AD58: =VALUE(IF($D58="kop",$C58,0))+VALUE(IF($H58="kop",$G58,0)) -> 0 | AE58: =VALUE(IF($D58="osl",$C58,0))+VALUE(IF($H58="osl",$G58,0)) -> 0 | AF58: =VALUE(IF($D58="vra",$C58,0))+VALUE(IF($H58="vra",$G58,0)) -> 0 | AG58: =VALUE(IF($D58="zho",$C58,0))+VALUE(IF($H58="zho",$G58,0)) -> 0 | AH58: =VALUE(IF($D58="zbú",$C58,0))+VALUE(IF($H58="zbú",$G58,0)) -> 0 | AI58: =VALUE(IF($D58="pří",$C58,0))+VALUE(IF($H58="pří",$G58,0)) -> 0 | AJ58: =VALUE(IF($D58="dot",$C58,0))+VALUE(IF($H58="dot",$G58,0)) -> 0 | AK58: =VALUE(IF($D58="opř",$C58,0))+VALUE(IF($H58="opř",$G58,0)) -> 0
B59: HOTOVOSTNÍ PŘÍJMY AKCE | P59: =VALUE(IF($D59="vyb",$C59,0))+VALUE(IF($H59="vyb",$G59,0)) -> 0 | Q59: =VALUE(IF($D59="mtv",$C59,0))+VALUE(IF($H59="mtv",$G59,0)) -> 0 | R59: =VALUE(IF($D59="mat",$C59,0))+VALUE(IF($H59="mat",$G59,0)) -> 0 | S59: =VALUE(IF($D59="pot",$C59,0))+VALUE(IF($H59="pot",$G59,0)) -> 0 | T59: =VALUE(IF($D59="táb",$C59,0))+VALUE(IF($H59="táb",$G59,0)) -> 0 | U59: =VALUE(IF($D59="oma",$C59,0))+VALUE(IF($H59="oma",$G59,0)) -> 0 | V59: =VALUE(IF($D59="ces",$C59,0))+VALUE(IF($H59="ces",$G59,0)) -> 0 | W59: =VALUE(IF($D59="poš",$C59,0))+VALUE(IF($H59="poš",$G59,0)) -> 0 | X59: =VALUE(IF($D59="tel",$C59,0))+VALUE(IF($H59="tel",$G59,0)) -> 0 | Y59: =VALUE(IF($D59="dop",$C59,0))+VALUE(IF($H59="dop",$G59,0)) -> 0 | Z59: =VALUE(IF($D59="nák",$C59,0))+VALUE(IF($H59="nák",$G59,0)) -> 0 | AA59: =VALUE(IF($D59="náj",$C59,0))+VALUE(IF($H59="náj",$G59,0)) -> 0 | AB59: =VALUE(IF($D59="půj",$C59,0))+VALUE(IF($H59="půj",$G59,0)) -> 0 | AC59: =VALUE(IF($D59="vst",$C59,0))+VALUE(IF($H59="vst",$G59,0)) -> 0 | AD59: =VALUE(IF($D59="kop",$C59,0))+VALUE(IF($H59="kop",$G59,0)) -> 0 | AE59: =VALUE(IF($D59="osl",$C59,0))+VALUE(IF($H59="osl",$G59,0)) -> 0 | AF59: =VALUE(IF($D59="vra",$C59,0))+VALUE(IF($H59="vra",$G59,0)) -> 0 | AG59: =VALUE(IF($D59="zho",$C59,0))+VALUE(IF($H59="zho",$G59,0)) -> 0 | AH59: =VALUE(IF($D59="zbú",$C59,0))+VALUE(IF($H59="zbú",$G59,0)) -> 0 | AI59: =VALUE(IF($D59="pří",$C59,0))+VALUE(IF($H59="pří",$G59,0)) -> 0 | AJ59: =VALUE(IF($D59="dot",$C59,0))+VALUE(IF($H59="dot",$G59,0)) -> 0 | AK59: =VALUE(IF($D59="opř",$C59,0))+VALUE(IF($H59="opř",$G59,0)) -> 0
B60: Položka | C60: Částka | D60: Kód | E60: Datum platby | F60: Poznámka | G60: Dotováno | J60: Kontrola | P60: =VALUE(IF($D60="vyb",$C60,0))+VALUE(IF($H60="vyb",$G60,0)) -> 0 | Q60: =VALUE(IF($D60="mtv",$C60,0))+VALUE(IF($H60="mtv",$G60,0)) -> 0 | R60: =VALUE(IF($D60="mat",$C60,0))+VALUE(IF($H60="mat",$G60,0)) -> 0 | S60: =VALUE(IF($D60="pot",$C60,0))+VALUE(IF($H60="pot",$G60,0)) -> 0 | T60: =VALUE(IF($D60="táb",$C60,0))+VALUE(IF($H60="táb",$G60,0)) -> 0 | U60: =VALUE(IF($D60="oma",$C60,0))+VALUE(IF($H60="oma",$G60,0)) -> 0 | V60: =VALUE(IF($D60="ces",$C60,0))+VALUE(IF($H60="ces",$G60,0)) -> 0 | W60: =VALUE(IF($D60="poš",$C60,0))+VALUE(IF($H60="poš",$G60,0)) -> 0 | X60: =VALUE(IF($D60="tel",$C60,0))+VALUE(IF($H60="tel",$G60,0)) -> 0 | Y60: =VALUE(IF($D60="dop",$C60,0))+VALUE(IF($H60="dop",$G60,0)) -> 0 | Z60: =VALUE(IF($D60="nák",$C60,0))+VALUE(IF($H60="nák",$G60,0)) -> 0 | AA60: =VALUE(IF($D60="náj",$C60,0))+VALUE(IF($H60="náj",$G60,0)) -> 0 | AB60: =VALUE(IF($D60="půj",$C60,0))+VALUE(IF($H60="půj",$G60,0)) -> 0 | AC60: =VALUE(IF($D60="vst",$C60,0))+VALUE(IF($H60="vst",$G60,0)) -> 0 | AD60: =VALUE(IF($D60="kop",$C60,0))+VALUE(IF($H60="kop",$G60,0)) -> 0 | AE60: =VALUE(IF($D60="osl",$C60,0))+VALUE(IF($H60="osl",$G60,0)) -> 0 | AF60: =VALUE(IF($D60="vra",$C60,0))+VALUE(IF($H60="vra",$G60,0)) -> 0 | AG60: =VALUE(IF($D60="zho",$C60,0))+VALUE(IF($H60="zho",$G60,0)) -> 0 | AH60: =VALUE(IF($D60="zbú",$C60,0))+VALUE(IF($H60="zbú",$G60,0)) -> 0 | AI60: =VALUE(IF($D60="pří",$C60,0))+VALUE(IF($H60="pří",$G60,0)) -> 0 | AJ60: =VALUE(IF($D60="dot",$C60,0))+VALUE(IF($H60="dot",$G60,0)) -> 0 | AK60: =VALUE(IF($D60="opř",$C60,0))+VALUE(IF($H60="opř",$G60,0)) -> 0 | AL60: součet
A61: 50 | B61: účastnické poplatky hrazené hotově | C61: =SUM('Seznam účastníků'!L66) -> 0 | D61: pří | E61: viz "Seznam účastníků" | J61: =IF(AL61=C61,IF(AL61=0,"-","ok"),"chyba") -> - | P61: =VALUE(IF($D61="vyb",$C61,0))+VALUE(IF($H61="vyb",$G61,0)) -> 0 | Q61: =VALUE(IF($D61="mtv",$C61,0))+VALUE(IF($H61="mtv",$G61,0)) -> 0 | R61: =VALUE(IF($D61="mat",$C61,0))+VALUE(IF($H61="mat",$G61,0)) -> 0 | S61: =VALUE(IF($D61="pot",$C61,0))+VALUE(IF($H61="pot",$G61,0)) -> 0 | T61: =VALUE(IF($D61="táb",$C61,0))+VALUE(IF($H61="táb",$G61,0)) -> 0 | U61: =VALUE(IF($D61="oma",$C61,0))+VALUE(IF($H61="oma",$G61,0)) -> 0 | V61: =VALUE(IF($D61="ces",$C61,0))+VALUE(IF($H61="ces",$G61,0)) -> 0 | W61: =VALUE(IF($D61="poš",$C61,0))+VALUE(IF($H61="poš",$G61,0)) -> 0 | X61: =VALUE(IF($D61="tel",$C61,0))+VALUE(IF($H61="tel",$G61,0)) -> 0 | Y61: =VALUE(IF($D61="dop",$C61,0))+VALUE(IF($H61="dop",$G61,0)) -> 0 | Z61: =VALUE(IF($D61="nák",$C61,0))+VALUE(IF($H61="nák",$G61,0)) -> 0 | AA61: =VALUE(IF($D61="náj",$C61,0))+VALUE(IF($H61="náj",$G61,0)) -> 0 | AB61: =VALUE(IF($D61="půj",$C61,0))+VALUE(IF($H61="půj",$G61,0)) -> 0 | AC61: =VALUE(IF($D61="vst",$C61,0))+VALUE(IF($H61="vst",$G61,0)) -> 0 | AD61: =VALUE(IF($D61="kop",$C61,0))+VALUE(IF($H61="kop",$G61,0)) -> 0 | AE61: =VALUE(IF($D61="osl",$C61,0))+VALUE(IF($H61="osl",$G61,0)) -> 0 | AF61: =VALUE(IF($D61="vra",$C61,0))+VALUE(IF($H61="vra",$G61,0)) -> 0 | AG61: =VALUE(IF($D61="zho",$C61,0))+VALUE(IF($H61="zho",$G61,0)) -> 0 | AH61: =VALUE(IF($D61="zbú",$C61,0))+VALUE(IF($H61="zbú",$G61,0)) -> 0 | AI61: =VALUE(IF($D61="pří",$C61,0))+VALUE(IF($H61="pří",$G61,0)) -> 0 | AJ61: =VALUE(IF($D61="dot",$C61,0))+VALUE(IF($H61="dot",$G61,0)) -> 0 | AK61: =VALUE(IF($D61="opř",$C61,0))+VALUE(IF($H61="opř",$G61,0)) -> 0 | AL61: =SUM(P61:AK61) -> 0
A62: 51 | J62: =IF(AL62=C62,IF(AL62=0,"-","ok"),"chyba") -> - | P62: =VALUE(IF($D62="vyb",$C62,0))+VALUE(IF($H62="vyb",$G62,0)) -> 0 | Q62: =VALUE(IF($D62="mtv",$C62,0))+VALUE(IF($H62="mtv",$G62,0)) -> 0 | R62: =VALUE(IF($D62="mat",$C62,0))+VALUE(IF($H62="mat",$G62,0)) -> 0 | S62: =VALUE(IF($D62="pot",$C62,0))+VALUE(IF($H62="pot",$G62,0)) -> 0 | T62: =VALUE(IF($D62="táb",$C62,0))+VALUE(IF($H62="táb",$G62,0)) -> 0 | U62: =VALUE(IF($D62="oma",$C62,0))+VALUE(IF($H62="oma",$G62,0)) -> 0 | V62: =VALUE(IF($D62="ces",$C62,0))+VALUE(IF($H62="ces",$G62,0)) -> 0 | W62: =VALUE(IF($D62="poš",$C62,0))+VALUE(IF($H62="poš",$G62,0)) -> 0 | X62: =VALUE(IF($D62="tel",$C62,0))+VALUE(IF($H62="tel",$G62,0)) -> 0 | Y62: =VALUE(IF($D62="dop",$C62,0))+VALUE(IF($H62="dop",$G62,0)) -> 0 | Z62: =VALUE(IF($D62="nák",$C62,0))+VALUE(IF($H62="nák",$G62,0)) -> 0 | AA62: =VALUE(IF($D62="náj",$C62,0))+VALUE(IF($H62="náj",$G62,0)) -> 0 | AB62: =VALUE(IF($D62="půj",$C62,0))+VALUE(IF($H62="půj",$G62,0)) -> 0 | AC62: =VALUE(IF($D62="vst",$C62,0))+VALUE(IF($H62="vst",$G62,0)) -> 0 | AD62: =VALUE(IF($D62="kop",$C62,0))+VALUE(IF($H62="kop",$G62,0)) -> 0 | AE62: =VALUE(IF($D62="osl",$C62,0))+VALUE(IF($H62="osl",$G62,0)) -> 0 | AF62: =VALUE(IF($D62="vra",$C62,0))+VALUE(IF($H62="vra",$G62,0)) -> 0 | AG62: =VALUE(IF($D62="zho",$C62,0))+VALUE(IF($H62="zho",$G62,0)) -> 0 | AH62: =VALUE(IF($D62="zbú",$C62,0))+VALUE(IF($H62="zbú",$G62,0)) -> 0 | AI62: =VALUE(IF($D62="pří",$C62,0))+VALUE(IF($H62="pří",$G62,0)) -> 0 | AJ62: =VALUE(IF($D62="dot",$C62,0))+VALUE(IF($H62="dot",$G62,0)) -> 0 | AK62: =VALUE(IF($D62="opř",$C62,0))+VALUE(IF($H62="opř",$G62,0)) -> 0 | AL62: =SUM(P62:AK62) -> 0
A63: 52 | J63: =IF(AL63=C63,IF(AL63=0,"-","ok"),"chyba") -> - | P63: =VALUE(IF($D63="vyb",$C63,0))+VALUE(IF($H63="vyb",$G63,0)) -> 0 | Q63: =VALUE(IF($D63="mtv",$C63,0))+VALUE(IF($H63="mtv",$G63,0)) -> 0 | R63: =VALUE(IF($D63="mat",$C63,0))+VALUE(IF($H63="mat",$G63,0)) -> 0 | S63: =VALUE(IF($D63="pot",$C63,0))+VALUE(IF($H63="pot",$G63,0)) -> 0 | T63: =VALUE(IF($D63="táb",$C63,0))+VALUE(IF($H63="táb",$G63,0)) -> 0 | U63: =VALUE(IF($D63="oma",$C63,0))+VALUE(IF($H63="oma",$G63,0)) -> 0 | V63: =VALUE(IF($D63="ces",$C63,0))+VALUE(IF($H63="ces",$G63,0)) -> 0 | W63: =VALUE(IF($D63="poš",$C63,0))+VALUE(IF($H63="poš",$G63,0)) -> 0 | X63: =VALUE(IF($D63="tel",$C63,0))+VALUE(IF($H63="tel",$G63,0)) -> 0 | Y63: =VALUE(IF($D63="dop",$C63,0))+VALUE(IF($H63="dop",$G63,0)) -> 0 | Z63: =VALUE(IF($D63="nák",$C63,0))+VALUE(IF($H63="nák",$G63,0)) -> 0 | AA63: =VALUE(IF($D63="náj",$C63,0))+VALUE(IF($H63="náj",$G63,0)) -> 0 | AB63: =VALUE(IF($D63="půj",$C63,0))+VALUE(IF($H63="půj",$G63,0)) -> 0 | AC63: =VALUE(IF($D63="vst",$C63,0))+VALUE(IF($H63="vst",$G63,0)) -> 0 | AD63: =VALUE(IF($D63="kop",$C63,0))+VALUE(IF($H63="kop",$G63,0)) -> 0 | AE63: =VALUE(IF($D63="osl",$C63,0))+VALUE(IF($H63="osl",$G63,0)) -> 0 | AF63: =VALUE(IF($D63="vra",$C63,0))+VALUE(IF($H63="vra",$G63,0)) -> 0 | AG63: =VALUE(IF($D63="zho",$C63,0))+VALUE(IF($H63="zho",$G63,0)) -> 0 | AH63: =VALUE(IF($D63="zbú",$C63,0))+VALUE(IF($H63="zbú",$G63,0)) -> 0 | AI63: =VALUE(IF($D63="pří",$C63,0))+VALUE(IF($H63="pří",$G63,0)) -> 0 | AJ63: =VALUE(IF($D63="dot",$C63,0))+VALUE(IF($H63="dot",$G63,0)) -> 0 | AK63: =VALUE(IF($D63="opř",$C63,0))+VALUE(IF($H63="opř",$G63,0)) -> 0 | AL63: =SUM(P63:AK63) -> 0
A64: 53 | J64: =IF(AL64=C64,IF(AL64=0,"-","ok"),"chyba") -> - | P64: =VALUE(IF($D64="vyb",$C64,0))+VALUE(IF($H64="vyb",$G64,0)) -> 0 | Q64: =VALUE(IF($D64="mtv",$C64,0))+VALUE(IF($H64="mtv",$G64,0)) -> 0 | R64: =VALUE(IF($D64="mat",$C64,0))+VALUE(IF($H64="mat",$G64,0)) -> 0 | S64: =VALUE(IF($D64="pot",$C64,0))+VALUE(IF($H64="pot",$G64,0)) -> 0 | T64: =VALUE(IF($D64="táb",$C64,0))+VALUE(IF($H64="táb",$G64,0)) -> 0 | U64: =VALUE(IF($D64="oma",$C64,0))+VALUE(IF($H64="oma",$G64,0)) -> 0 | V64: =VALUE(IF($D64="ces",$C64,0))+VALUE(IF($H64="ces",$G64,0)) -> 0 | W64: =VALUE(IF($D64="poš",$C64,0))+VALUE(IF($H64="poš",$G64,0)) -> 0 | X64: =VALUE(IF($D64="tel",$C64,0))+VALUE(IF($H64="tel",$G64,0)) -> 0 | Y64: =VALUE(IF($D64="dop",$C64,0))+VALUE(IF($H64="dop",$G64,0)) -> 0 | Z64: =VALUE(IF($D64="nák",$C64,0))+VALUE(IF($H64="nák",$G64,0)) -> 0 | AA64: =VALUE(IF($D64="náj",$C64,0))+VALUE(IF($H64="náj",$G64,0)) -> 0 | AB64: =VALUE(IF($D64="půj",$C64,0))+VALUE(IF($H64="půj",$G64,0)) -> 0 | AC64: =VALUE(IF($D64="vst",$C64,0))+VALUE(IF($H64="vst",$G64,0)) -> 0 | AD64: =VALUE(IF($D64="kop",$C64,0))+VALUE(IF($H64="kop",$G64,0)) -> 0 | AE64: =VALUE(IF($D64="osl",$C64,0))+VALUE(IF($H64="osl",$G64,0)) -> 0 | AF64: =VALUE(IF($D64="vra",$C64,0))+VALUE(IF($H64="vra",$G64,0)) -> 0 | AG64: =VALUE(IF($D64="zho",$C64,0))+VALUE(IF($H64="zho",$G64,0)) -> 0 | AH64: =VALUE(IF($D64="zbú",$C64,0))+VALUE(IF($H64="zbú",$G64,0)) -> 0 | AI64: =VALUE(IF($D64="pří",$C64,0))+VALUE(IF($H64="pří",$G64,0)) -> 0 | AJ64: =VALUE(IF($D64="dot",$C64,0))+VALUE(IF($H64="dot",$G64,0)) -> 0 | AK64: =VALUE(IF($D64="opř",$C64,0))+VALUE(IF($H64="opř",$G64,0)) -> 0 | AL64: =SUM(P64:AK64) -> 0
A65: 54 | J65: =IF(AL65=C65,IF(AL65=0,"-","ok"),"chyba") -> - | P65: =VALUE(IF($D65="vyb",$C65,0))+VALUE(IF($H65="vyb",$G65,0)) -> 0 | Q65: =VALUE(IF($D65="mtv",$C65,0))+VALUE(IF($H65="mtv",$G65,0)) -> 0 | R65: =VALUE(IF($D65="mat",$C65,0))+VALUE(IF($H65="mat",$G65,0)) -> 0 | S65: =VALUE(IF($D65="pot",$C65,0))+VALUE(IF($H65="pot",$G65,0)) -> 0 | T65: =VALUE(IF($D65="táb",$C65,0))+VALUE(IF($H65="táb",$G65,0)) -> 0 | U65: =VALUE(IF($D65="oma",$C65,0))+VALUE(IF($H65="oma",$G65,0)) -> 0 | V65: =VALUE(IF($D65="ces",$C65,0))+VALUE(IF($H65="ces",$G65,0)) -> 0 | W65: =VALUE(IF($D65="poš",$C65,0))+VALUE(IF($H65="poš",$G65,0)) -> 0 | X65: =VALUE(IF($D65="tel",$C65,0))+VALUE(IF($H65="tel",$G65,0)) -> 0 | Y65: =VALUE(IF($D65="dop",$C65,0))+VALUE(IF($H65="dop",$G65,0)) -> 0 | Z65: =VALUE(IF($D65="nák",$C65,0))+VALUE(IF($H65="nák",$G65,0)) -> 0 | AA65: =VALUE(IF($D65="náj",$C65,0))+VALUE(IF($H65="náj",$G65,0)) -> 0 | AB65: =VALUE(IF($D65="půj",$C65,0))+VALUE(IF($H65="půj",$G65,0)) -> 0 | AC65: =VALUE(IF($D65="vst",$C65,0))+VALUE(IF($H65="vst",$G65,0)) -> 0 | AD65: =VALUE(IF($D65="kop",$C65,0))+VALUE(IF($H65="kop",$G65,0)) -> 0 | AE65: =VALUE(IF($D65="osl",$C65,0))+VALUE(IF($H65="osl",$G65,0)) -> 0 | AF65: =VALUE(IF($D65="vra",$C65,0))+VALUE(IF($H65="vra",$G65,0)) -> 0 | AG65: =VALUE(IF($D65="zho",$C65,0))+VALUE(IF($H65="zho",$G65,0)) -> 0 | AH65: =VALUE(IF($D65="zbú",$C65,0))+VALUE(IF($H65="zbú",$G65,0)) -> 0 | AI65: =VALUE(IF($D65="pří",$C65,0))+VALUE(IF($H65="pří",$G65,0)) -> 0 | AJ65: =VALUE(IF($D65="dot",$C65,0))+VALUE(IF($H65="dot",$G65,0)) -> 0 | AK65: =VALUE(IF($D65="opř",$C65,0))+VALUE(IF($H65="opř",$G65,0)) -> 0 | AL65: =SUM(P65:AK65) -> 0
A66: 55 | J66: =IF(AL66=C66,IF(AL66=0,"-","ok"),"chyba") -> - | P66: =VALUE(IF($D66="vyb",$C66,0))+VALUE(IF($H66="vyb",$G66,0)) -> 0 | Q66: =VALUE(IF($D66="mtv",$C66,0))+VALUE(IF($H66="mtv",$G66,0)) -> 0 | R66: =VALUE(IF($D66="mat",$C66,0))+VALUE(IF($H66="mat",$G66,0)) -> 0 | S66: =VALUE(IF($D66="pot",$C66,0))+VALUE(IF($H66="pot",$G66,0)) -> 0 | T66: =VALUE(IF($D66="táb",$C66,0))+VALUE(IF($H66="táb",$G66,0)) -> 0 | U66: =VALUE(IF($D66="oma",$C66,0))+VALUE(IF($H66="oma",$G66,0)) -> 0 | V66: =VALUE(IF($D66="ces",$C66,0))+VALUE(IF($H66="ces",$G66,0)) -> 0 | W66: =VALUE(IF($D66="poš",$C66,0))+VALUE(IF($H66="poš",$G66,0)) -> 0 | X66: =VALUE(IF($D66="tel",$C66,0))+VALUE(IF($H66="tel",$G66,0)) -> 0 | Y66: =VALUE(IF($D66="dop",$C66,0))+VALUE(IF($H66="dop",$G66,0)) -> 0 | Z66: =VALUE(IF($D66="nák",$C66,0))+VALUE(IF($H66="nák",$G66,0)) -> 0 | AA66: =VALUE(IF($D66="náj",$C66,0))+VALUE(IF($H66="náj",$G66,0)) -> 0 | AB66: =VALUE(IF($D66="půj",$C66,0))+VALUE(IF($H66="půj",$G66,0)) -> 0 | AC66: =VALUE(IF($D66="vst",$C66,0))+VALUE(IF($H66="vst",$G66,0)) -> 0 | AD66: =VALUE(IF($D66="kop",$C66,0))+VALUE(IF($H66="kop",$G66,0)) -> 0 | AE66: =VALUE(IF($D66="osl",$C66,0))+VALUE(IF($H66="osl",$G66,0)) -> 0 | AF66: =VALUE(IF($D66="vra",$C66,0))+VALUE(IF($H66="vra",$G66,0)) -> 0 | AG66: =VALUE(IF($D66="zho",$C66,0))+VALUE(IF($H66="zho",$G66,0)) -> 0 | AH66: =VALUE(IF($D66="zbú",$C66,0))+VALUE(IF($H66="zbú",$G66,0)) -> 0 | AI66: =VALUE(IF($D66="pří",$C66,0))+VALUE(IF($H66="pří",$G66,0)) -> 0 | AJ66: =VALUE(IF($D66="dot",$C66,0))+VALUE(IF($H66="dot",$G66,0)) -> 0 | AK66: =VALUE(IF($D66="opř",$C66,0))+VALUE(IF($H66="opř",$G66,0)) -> 0 | AL66: =SUM(P66:AK66) -> 0
A67: 56 | J67: =IF(AL67=C67,IF(AL67=0,"-","ok"),"chyba") -> - | P67: =VALUE(IF($D67="vyb",$C67,0))+VALUE(IF($H67="vyb",$G67,0)) -> 0 | Q67: =VALUE(IF($D67="mtv",$C67,0))+VALUE(IF($H67="mtv",$G67,0)) -> 0 | R67: =VALUE(IF($D67="mat",$C67,0))+VALUE(IF($H67="mat",$G67,0)) -> 0 | S67: =VALUE(IF($D67="pot",$C67,0))+VALUE(IF($H67="pot",$G67,0)) -> 0 | T67: =VALUE(IF($D67="táb",$C67,0))+VALUE(IF($H67="táb",$G67,0)) -> 0 | U67: =VALUE(IF($D67="oma",$C67,0))+VALUE(IF($H67="oma",$G67,0)) -> 0 | V67: =VALUE(IF($D67="ces",$C67,0))+VALUE(IF($H67="ces",$G67,0)) -> 0 | W67: =VALUE(IF($D67="poš",$C67,0))+VALUE(IF($H67="poš",$G67,0)) -> 0 | X67: =VALUE(IF($D67="tel",$C67,0))+VALUE(IF($H67="tel",$G67,0)) -> 0 | Y67: =VALUE(IF($D67="dop",$C67,0))+VALUE(IF($H67="dop",$G67,0)) -> 0 | Z67: =VALUE(IF($D67="nák",$C67,0))+VALUE(IF($H67="nák",$G67,0)) -> 0 | AA67: =VALUE(IF($D67="náj",$C67,0))+VALUE(IF($H67="náj",$G67,0)) -> 0 | AB67: =VALUE(IF($D67="půj",$C67,0))+VALUE(IF($H67="půj",$G67,0)) -> 0 | AC67: =VALUE(IF($D67="vst",$C67,0))+VALUE(IF($H67="vst",$G67,0)) -> 0 | AD67: =VALUE(IF($D67="kop",$C67,0))+VALUE(IF($H67="kop",$G67,0)) -> 0 | AE67: =VALUE(IF($D67="osl",$C67,0))+VALUE(IF($H67="osl",$G67,0)) -> 0 | AF67: =VALUE(IF($D67="vra",$C67,0))+VALUE(IF($H67="vra",$G67,0)) -> 0 | AG67: =VALUE(IF($D67="zho",$C67,0))+VALUE(IF($H67="zho",$G67,0)) -> 0 | AH67: =VALUE(IF($D67="zbú",$C67,0))+VALUE(IF($H67="zbú",$G67,0)) -> 0 | AI67: =VALUE(IF($D67="pří",$C67,0))+VALUE(IF($H67="pří",$G67,0)) -> 0 | AJ67: =VALUE(IF($D67="dot",$C67,0))+VALUE(IF($H67="dot",$G67,0)) -> 0 | AK67: =VALUE(IF($D67="opř",$C67,0))+VALUE(IF($H67="opř",$G67,0)) -> 0 | AL67: =SUM(P67:AK67) -> 0
A68: 57 | J68: =IF(AL68=C68,IF(AL68=0,"-","ok"),"chyba") -> - | P68: =VALUE(IF($D68="vyb",$C68,0))+VALUE(IF($H68="vyb",$G68,0)) -> 0 | Q68: =VALUE(IF($D68="mtv",$C68,0))+VALUE(IF($H68="mtv",$G68,0)) -> 0 | R68: =VALUE(IF($D68="mat",$C68,0))+VALUE(IF($H68="mat",$G68,0)) -> 0 | S68: =VALUE(IF($D68="pot",$C68,0))+VALUE(IF($H68="pot",$G68,0)) -> 0 | T68: =VALUE(IF($D68="táb",$C68,0))+VALUE(IF($H68="táb",$G68,0)) -> 0 | U68: =VALUE(IF($D68="oma",$C68,0))+VALUE(IF($H68="oma",$G68,0)) -> 0 | V68: =VALUE(IF($D68="ces",$C68,0))+VALUE(IF($H68="ces",$G68,0)) -> 0 | W68: =VALUE(IF($D68="poš",$C68,0))+VALUE(IF($H68="poš",$G68,0)) -> 0 | X68: =VALUE(IF($D68="tel",$C68,0))+VALUE(IF($H68="tel",$G68,0)) -> 0 | Y68: =VALUE(IF($D68="dop",$C68,0))+VALUE(IF($H68="dop",$G68,0)) -> 0 | Z68: =VALUE(IF($D68="nák",$C68,0))+VALUE(IF($H68="nák",$G68,0)) -> 0 | AA68: =VALUE(IF($D68="náj",$C68,0))+VALUE(IF($H68="náj",$G68,0)) -> 0 | AB68: =VALUE(IF($D68="půj",$C68,0))+VALUE(IF($H68="půj",$G68,0)) -> 0 | AC68: =VALUE(IF($D68="vst",$C68,0))+VALUE(IF($H68="vst",$G68,0)) -> 0 | AD68: =VALUE(IF($D68="kop",$C68,0))+VALUE(IF($H68="kop",$G68,0)) -> 0 | AE68: =VALUE(IF($D68="osl",$C68,0))+VALUE(IF($H68="osl",$G68,0)) -> 0 | AF68: =VALUE(IF($D68="vra",$C68,0))+VALUE(IF($H68="vra",$G68,0)) -> 0 | AG68: =VALUE(IF($D68="zho",$C68,0))+VALUE(IF($H68="zho",$G68,0)) -> 0 | AH68: =VALUE(IF($D68="zbú",$C68,0))+VALUE(IF($H68="zbú",$G68,0)) -> 0 | AI68: =VALUE(IF($D68="pří",$C68,0))+VALUE(IF($H68="pří",$G68,0)) -> 0 | AJ68: =VALUE(IF($D68="dot",$C68,0))+VALUE(IF($H68="dot",$G68,0)) -> 0 | AK68: =VALUE(IF($D68="opř",$C68,0))+VALUE(IF($H68="opř",$G68,0)) -> 0 | AL68: =SUM(P68:AK68) -> 0
A69: 58 | J69: =IF(AL69=C69,IF(AL69=0,"-","ok"),"chyba") -> - | P69: =VALUE(IF($D69="vyb",$C69,0))+VALUE(IF($H69="vyb",$G69,0)) -> 0 | Q69: =VALUE(IF($D69="mtv",$C69,0))+VALUE(IF($H69="mtv",$G69,0)) -> 0 | R69: =VALUE(IF($D69="mat",$C69,0))+VALUE(IF($H69="mat",$G69,0)) -> 0 | S69: =VALUE(IF($D69="pot",$C69,0))+VALUE(IF($H69="pot",$G69,0)) -> 0 | T69: =VALUE(IF($D69="táb",$C69,0))+VALUE(IF($H69="táb",$G69,0)) -> 0 | U69: =VALUE(IF($D69="oma",$C69,0))+VALUE(IF($H69="oma",$G69,0)) -> 0 | V69: =VALUE(IF($D69="ces",$C69,0))+VALUE(IF($H69="ces",$G69,0)) -> 0 | W69: =VALUE(IF($D69="poš",$C69,0))+VALUE(IF($H69="poš",$G69,0)) -> 0 | X69: =VALUE(IF($D69="tel",$C69,0))+VALUE(IF($H69="tel",$G69,0)) -> 0 | Y69: =VALUE(IF($D69="dop",$C69,0))+VALUE(IF($H69="dop",$G69,0)) -> 0 | Z69: =VALUE(IF($D69="nák",$C69,0))+VALUE(IF($H69="nák",$G69,0)) -> 0 | AA69: =VALUE(IF($D69="náj",$C69,0))+VALUE(IF($H69="náj",$G69,0)) -> 0 | AB69: =VALUE(IF($D69="půj",$C69,0))+VALUE(IF($H69="půj",$G69,0)) -> 0 | AC69: =VALUE(IF($D69="vst",$C69,0))+VALUE(IF($H69="vst",$G69,0)) -> 0 | AD69: =VALUE(IF($D69="kop",$C69,0))+VALUE(IF($H69="kop",$G69,0)) -> 0 | AE69: =VALUE(IF($D69="osl",$C69,0))+VALUE(IF($H69="osl",$G69,0)) -> 0 | AF69: =VALUE(IF($D69="vra",$C69,0))+VALUE(IF($H69="vra",$G69,0)) -> 0 | AG69: =VALUE(IF($D69="zho",$C69,0))+VALUE(IF($H69="zho",$G69,0)) -> 0 | AH69: =VALUE(IF($D69="zbú",$C69,0))+VALUE(IF($H69="zbú",$G69,0)) -> 0 | AI69: =VALUE(IF($D69="pří",$C69,0))+VALUE(IF($H69="pří",$G69,0)) -> 0 | AJ69: =VALUE(IF($D69="dot",$C69,0))+VALUE(IF($H69="dot",$G69,0)) -> 0 | AK69: =VALUE(IF($D69="opř",$C69,0))+VALUE(IF($H69="opř",$G69,0)) -> 0 | AL69: =SUM(P69:AK69) -> 0
A70: 59 | J70: =IF(AL70=C70,IF(AL70=0,"-","ok"),"chyba") -> - | P70: =VALUE(IF($D70="vyb",$C70,0))+VALUE(IF($H70="vyb",$G70,0)) -> 0 | Q70: =VALUE(IF($D70="mtv",$C70,0))+VALUE(IF($H70="mtv",$G70,0)) -> 0 | R70: =VALUE(IF($D70="mat",$C70,0))+VALUE(IF($H70="mat",$G70,0)) -> 0 | S70: =VALUE(IF($D70="pot",$C70,0))+VALUE(IF($H70="pot",$G70,0)) -> 0 | T70: =VALUE(IF($D70="táb",$C70,0))+VALUE(IF($H70="táb",$G70,0)) -> 0 | U70: =VALUE(IF($D70="oma",$C70,0))+VALUE(IF($H70="oma",$G70,0)) -> 0 | V70: =VALUE(IF($D70="ces",$C70,0))+VALUE(IF($H70="ces",$G70,0)) -> 0 | W70: =VALUE(IF($D70="poš",$C70,0))+VALUE(IF($H70="poš",$G70,0)) -> 0 | X70: =VALUE(IF($D70="tel",$C70,0))+VALUE(IF($H70="tel",$G70,0)) -> 0 | Y70: =VALUE(IF($D70="dop",$C70,0))+VALUE(IF($H70="dop",$G70,0)) -> 0 | Z70: =VALUE(IF($D70="nák",$C70,0))+VALUE(IF($H70="nák",$G70,0)) -> 0 | AA70: =VALUE(IF($D70="náj",$C70,0))+VALUE(IF($H70="náj",$G70,0)) -> 0 | AB70: =VALUE(IF($D70="půj",$C70,0))+VALUE(IF($H70="půj",$G70,0)) -> 0 | AC70: =VALUE(IF($D70="vst",$C70,0))+VALUE(IF($H70="vst",$G70,0)) -> 0 | AD70: =VALUE(IF($D70="kop",$C70,0))+VALUE(IF($H70="kop",$G70,0)) -> 0 | AE70: =VALUE(IF($D70="osl",$C70,0))+VALUE(IF($H70="osl",$G70,0)) -> 0 | AF70: =VALUE(IF($D70="vra",$C70,0))+VALUE(IF($H70="vra",$G70,0)) -> 0 | AG70: =VALUE(IF($D70="zho",$C70,0))+VALUE(IF($H70="zho",$G70,0)) -> 0 | AH70: =VALUE(IF($D70="zbú",$C70,0))+VALUE(IF($H70="zbú",$G70,0)) -> 0 | AI70: =VALUE(IF($D70="pří",$C70,0))+VALUE(IF($H70="pří",$G70,0)) -> 0 | AJ70: =VALUE(IF($D70="dot",$C70,0))+VALUE(IF($H70="dot",$G70,0)) -> 0 | AK70: =VALUE(IF($D70="opř",$C70,0))+VALUE(IF($H70="opř",$G70,0)) -> 0 | AL70: =SUM(P70:AK70) -> 0
A71: 60 | J71: =IF(AL71=C71,IF(AL71=0,"-","ok"),"chyba") -> - | P71: =VALUE(IF($D71="vyb",$C71,0))+VALUE(IF($H71="vyb",$G71,0)) -> 0 | Q71: =VALUE(IF($D71="mtv",$C71,0))+VALUE(IF($H71="mtv",$G71,0)) -> 0 | R71: =VALUE(IF($D71="mat",$C71,0))+VALUE(IF($H71="mat",$G71,0)) -> 0 | S71: =VALUE(IF($D71="pot",$C71,0))+VALUE(IF($H71="pot",$G71,0)) -> 0 | T71: =VALUE(IF($D71="táb",$C71,0))+VALUE(IF($H71="táb",$G71,0)) -> 0 | U71: =VALUE(IF($D71="oma",$C71,0))+VALUE(IF($H71="oma",$G71,0)) -> 0 | V71: =VALUE(IF($D71="ces",$C71,0))+VALUE(IF($H71="ces",$G71,0)) -> 0 | W71: =VALUE(IF($D71="poš",$C71,0))+VALUE(IF($H71="poš",$G71,0)) -> 0 | X71: =VALUE(IF($D71="tel",$C71,0))+VALUE(IF($H71="tel",$G71,0)) -> 0 | Y71: =VALUE(IF($D71="dop",$C71,0))+VALUE(IF($H71="dop",$G71,0)) -> 0 | Z71: =VALUE(IF($D71="nák",$C71,0))+VALUE(IF($H71="nák",$G71,0)) -> 0 | AA71: =VALUE(IF($D71="náj",$C71,0))+VALUE(IF($H71="náj",$G71,0)) -> 0 | AB71: =VALUE(IF($D71="půj",$C71,0))+VALUE(IF($H71="půj",$G71,0)) -> 0 | AC71: =VALUE(IF($D71="vst",$C71,0))+VALUE(IF($H71="vst",$G71,0)) -> 0 | AD71: =VALUE(IF($D71="kop",$C71,0))+VALUE(IF($H71="kop",$G71,0)) -> 0 | AE71: =VALUE(IF($D71="osl",$C71,0))+VALUE(IF($H71="osl",$G71,0)) -> 0 | AF71: =VALUE(IF($D71="vra",$C71,0))+VALUE(IF($H71="vra",$G71,0)) -> 0 | AG71: =VALUE(IF($D71="zho",$C71,0))+VALUE(IF($H71="zho",$G71,0)) -> 0 | AH71: =VALUE(IF($D71="zbú",$C71,0))+VALUE(IF($H71="zbú",$G71,0)) -> 0 | AI71: =VALUE(IF($D71="pří",$C71,0))+VALUE(IF($H71="pří",$G71,0)) -> 0 | AJ71: =VALUE(IF($D71="dot",$C71,0))+VALUE(IF($H71="dot",$G71,0)) -> 0 | AK71: =VALUE(IF($D71="opř",$C71,0))+VALUE(IF($H71="opř",$G71,0)) -> 0 | AL71: =SUM(P71:AK71) -> 0
A72: 61 | J72: =IF(AL72=C72,IF(AL72=0,"-","ok"),"chyba") -> - | P72: =VALUE(IF($D72="vyb",$C72,0))+VALUE(IF($H72="vyb",$G72,0)) -> 0 | Q72: =VALUE(IF($D72="mtv",$C72,0))+VALUE(IF($H72="mtv",$G72,0)) -> 0 | R72: =VALUE(IF($D72="mat",$C72,0))+VALUE(IF($H72="mat",$G72,0)) -> 0 | S72: =VALUE(IF($D72="pot",$C72,0))+VALUE(IF($H72="pot",$G72,0)) -> 0 | T72: =VALUE(IF($D72="táb",$C72,0))+VALUE(IF($H72="táb",$G72,0)) -> 0 | U72: =VALUE(IF($D72="oma",$C72,0))+VALUE(IF($H72="oma",$G72,0)) -> 0 | V72: =VALUE(IF($D72="ces",$C72,0))+VALUE(IF($H72="ces",$G72,0)) -> 0 | W72: =VALUE(IF($D72="poš",$C72,0))+VALUE(IF($H72="poš",$G72,0)) -> 0 | X72: =VALUE(IF($D72="tel",$C72,0))+VALUE(IF($H72="tel",$G72,0)) -> 0 | Y72: =VALUE(IF($D72="dop",$C72,0))+VALUE(IF($H72="dop",$G72,0)) -> 0 | Z72: =VALUE(IF($D72="nák",$C72,0))+VALUE(IF($H72="nák",$G72,0)) -> 0 | AA72: =VALUE(IF($D72="náj",$C72,0))+VALUE(IF($H72="náj",$G72,0)) -> 0 | AB72: =VALUE(IF($D72="půj",$C72,0))+VALUE(IF($H72="půj",$G72,0)) -> 0 | AC72: =VALUE(IF($D72="vst",$C72,0))+VALUE(IF($H72="vst",$G72,0)) -> 0 | AD72: =VALUE(IF($D72="kop",$C72,0))+VALUE(IF($H72="kop",$G72,0)) -> 0 | AE72: =VALUE(IF($D72="osl",$C72,0))+VALUE(IF($H72="osl",$G72,0)) -> 0 | AF72: =VALUE(IF($D72="vra",$C72,0))+VALUE(IF($H72="vra",$G72,0)) -> 0 | AG72: =VALUE(IF($D72="zho",$C72,0))+VALUE(IF($H72="zho",$G72,0)) -> 0 | AH72: =VALUE(IF($D72="zbú",$C72,0))+VALUE(IF($H72="zbú",$G72,0)) -> 0 | AI72: =VALUE(IF($D72="pří",$C72,0))+VALUE(IF($H72="pří",$G72,0)) -> 0 | AJ72: =VALUE(IF($D72="dot",$C72,0))+VALUE(IF($H72="dot",$G72,0)) -> 0 | AK72: =VALUE(IF($D72="opř",$C72,0))+VALUE(IF($H72="opř",$G72,0)) -> 0 | AL72: =SUM(P72:AK72) -> 0
A73: 62 | J73: =IF(AL73=C73,IF(AL73=0,"-","ok"),"chyba") -> - | P73: =VALUE(IF($D73="vyb",$C73,0))+VALUE(IF($H73="vyb",$G73,0)) -> 0 | Q73: =VALUE(IF($D73="mtv",$C73,0))+VALUE(IF($H73="mtv",$G73,0)) -> 0 | R73: =VALUE(IF($D73="mat",$C73,0))+VALUE(IF($H73="mat",$G73,0)) -> 0 | S73: =VALUE(IF($D73="pot",$C73,0))+VALUE(IF($H73="pot",$G73,0)) -> 0 | T73: =VALUE(IF($D73="táb",$C73,0))+VALUE(IF($H73="táb",$G73,0)) -> 0 | U73: =VALUE(IF($D73="oma",$C73,0))+VALUE(IF($H73="oma",$G73,0)) -> 0 | V73: =VALUE(IF($D73="ces",$C73,0))+VALUE(IF($H73="ces",$G73,0)) -> 0 | W73: =VALUE(IF($D73="poš",$C73,0))+VALUE(IF($H73="poš",$G73,0)) -> 0 | X73: =VALUE(IF($D73="tel",$C73,0))+VALUE(IF($H73="tel",$G73,0)) -> 0 | Y73: =VALUE(IF($D73="dop",$C73,0))+VALUE(IF($H73="dop",$G73,0)) -> 0 | Z73: =VALUE(IF($D73="nák",$C73,0))+VALUE(IF($H73="nák",$G73,0)) -> 0 | AA73: =VALUE(IF($D73="náj",$C73,0))+VALUE(IF($H73="náj",$G73,0)) -> 0 | AB73: =VALUE(IF($D73="půj",$C73,0))+VALUE(IF($H73="půj",$G73,0)) -> 0 | AC73: =VALUE(IF($D73="vst",$C73,0))+VALUE(IF($H73="vst",$G73,0)) -> 0 | AD73: =VALUE(IF($D73="kop",$C73,0))+VALUE(IF($H73="kop",$G73,0)) -> 0 | AE73: =VALUE(IF($D73="osl",$C73,0))+VALUE(IF($H73="osl",$G73,0)) -> 0 | AF73: =VALUE(IF($D73="vra",$C73,0))+VALUE(IF($H73="vra",$G73,0)) -> 0 | AG73: =VALUE(IF($D73="zho",$C73,0))+VALUE(IF($H73="zho",$G73,0)) -> 0 | AH73: =VALUE(IF($D73="zbú",$C73,0))+VALUE(IF($H73="zbú",$G73,0)) -> 0 | AI73: =VALUE(IF($D73="pří",$C73,0))+VALUE(IF($H73="pří",$G73,0)) -> 0 | AJ73: =VALUE(IF($D73="dot",$C73,0))+VALUE(IF($H73="dot",$G73,0)) -> 0 | AK73: =VALUE(IF($D73="opř",$C73,0))+VALUE(IF($H73="opř",$G73,0)) -> 0 | AL73: =SUM(P73:AK73) -> 0
... A75: 64 | J75: =IF(AL75=C75,IF(AL75=0,"-","ok"),"chyba") -> - | P75: =VALUE(IF($D75="vyb",$C75,0))+VALUE(IF($H75="vyb",$G75,0)) -> 0 | Q75: =VALUE(IF($D75="mtv",$C75,0))+VALUE(IF($H75="mtv",$G75,0)) -> 0 | R75: =VALUE(IF($D75="mat",$C75,0))+VALUE(IF($H75="mat",$G75,0)) -> 0 | S75: =VALUE(IF($D75="pot",$C75,0))+VALUE(IF($H75="pot",$G75,0)) -> 0 | T75: =VALUE(IF($D75="táb",$C75,0))+VALUE(IF($H75="táb",$G75,0)) -> 0 | U75: =VALUE(IF($D75="oma",$C75,0))+VALUE(IF($H75="oma",$G75,0)) -> 0 | V75: =VALUE(IF($D75="ces",$C75,0))+VALUE(IF($H75="ces",$G75,0)) -> 0 | W75: =VALUE(IF($D75="poš",$C75,0))+VALUE(IF($H75="poš",$G75,0)) -> 0 | X75: =VALUE(IF($D75="tel",$C75,0))+VALUE(IF($H75="tel",$G75,0)) -> 0 | Y75: =VALUE(IF($D75="dop",$C75,0))+VALUE(IF($H75="dop",$G75,0)) -> 0 | Z75: =VALUE(IF($D75="nák",$C75,0))+VALUE(IF($H75="nák",$G75,0)) -> 0 | AA75: =VALUE(IF($D75="náj",$C75,0))+VALUE(IF($H75="náj",$G75,0)) -> 0 | AB75: =VALUE(IF($D75="půj",$C75,0))+VALUE(IF($H75="půj",$G75,0)) -> 0 | AC75: =VALUE(IF($D75="vst",$C75,0))+VALUE(IF($H75="vst",$G75,0)) -> 0 | AD75: =VALUE(IF($D75="kop",$C75,0))+VALUE(IF($H75="kop",$G75,0)) -> 0 | AE75: =VALUE(IF($D75="osl",$C75,0))+VALUE(IF($H75="osl",$G75,0)) -> 0 | AF75: =VALUE(IF($D75="vra",$C75,0))+VALUE(IF($H75="vra",$G75,0)) -> 0 | AG75: =VALUE(IF($D75="zho",$C75,0))+VALUE(IF($H75="zho",$G75,0)) -> 0 | AH75: =VALUE(IF($D75="zbú",$C75,0))+VALUE(IF($H75="zbú",$G75,0)) -> 0 | AI75: =VALUE(IF($D75="pří",$C75,0))+VALUE(IF($H75="pří",$G75,0)) -> 0 | AJ75: =VALUE(IF($D75="dot",$C75,0))+VALUE(IF($H75="dot",$G75,0)) -> 0 | AK75: =VALUE(IF($D75="opř",$C75,0))+VALUE(IF($H75="opř",$G75,0)) -> 0 | AL75: =SUM(P75:AK75) -> 0
P76: =VALUE(IF($D76="vyb",$C76,0))+VALUE(IF($H76="vyb",$G76,0)) -> 0 | Q76: =VALUE(IF($D76="mtv",$C76,0))+VALUE(IF($H76="mtv",$G76,0)) -> 0 | R76: =VALUE(IF($D76="mat",$C76,0))+VALUE(IF($H76="mat",$G76,0)) -> 0 | S76: =VALUE(IF($D76="pot",$C76,0))+VALUE(IF($H76="pot",$G76,0)) -> 0 | T76: =VALUE(IF($D76="táb",$C76,0))+VALUE(IF($H76="táb",$G76,0)) -> 0 | U76: =VALUE(IF($D76="oma",$C76,0))+VALUE(IF($H76="oma",$G76,0)) -> 0 | V76: =VALUE(IF($D76="ces",$C76,0))+VALUE(IF($H76="ces",$G76,0)) -> 0 | W76: =VALUE(IF($D76="poš",$C76,0))+VALUE(IF($H76="poš",$G76,0)) -> 0 | X76: =VALUE(IF($D76="tel",$C76,0))+VALUE(IF($H76="tel",$G76,0)) -> 0 | Y76: =VALUE(IF($D76="dop",$C76,0))+VALUE(IF($H76="dop",$G76,0)) -> 0 | Z76: =VALUE(IF($D76="nák",$C76,0))+VALUE(IF($H76="nák",$G76,0)) -> 0 | AA76: =VALUE(IF($D76="náj",$C76,0))+VALUE(IF($H76="náj",$G76,0)) -> 0 | AB76: =VALUE(IF($D76="půj",$C76,0))+VALUE(IF($H76="půj",$G76,0)) -> 0 | AC76: =VALUE(IF($D76="vst",$C76,0))+VALUE(IF($H76="vst",$G76,0)) -> 0 | AD76: =VALUE(IF($D76="kop",$C76,0))+VALUE(IF($H76="kop",$G76,0)) -> 0 | AE76: =VALUE(IF($D76="osl",$C76,0))+VALUE(IF($H76="osl",$G76,0)) -> 0 | AF76: =VALUE(IF($D76="vra",$C76,0))+VALUE(IF($H76="vra",$G76,0)) -> 0 | AG76: =VALUE(IF($D76="zho",$C76,0))+VALUE(IF($H76="zho",$G76,0)) -> 0 | AH76: =VALUE(IF($D76="zbú",$C76,0))+VALUE(IF($H76="zbú",$G76,0)) -> 0 | AI76: =VALUE(IF($D76="pří",$C76,0))+VALUE(IF($H76="pří",$G76,0)) -> 0 | AJ76: =VALUE(IF($D76="dot",$C76,0))+VALUE(IF($H76="dot",$G76,0)) -> 0 | AK76: =VALUE(IF($D76="opř",$C76,0))+VALUE(IF($H76="opř",$G76,0)) -> 0
B77: HOTOVOSTNÍ VÝDAJE - 1 | P77: =VALUE(IF($D77="vyb",$C77,0))+VALUE(IF($H77="vyb",$G77,0)) -> 0 | Q77: =VALUE(IF($D77="mtv",$C77,0))+VALUE(IF($H77="mtv",$G77,0)) -> 0 | R77: =VALUE(IF($D77="mat",$C77,0))+VALUE(IF($H77="mat",$G77,0)) -> 0 | S77: =VALUE(IF($D77="pot",$C77,0))+VALUE(IF($H77="pot",$G77,0)) -> 0 | T77: =VALUE(IF($D77="táb",$C77,0))+VALUE(IF($H77="táb",$G77,0)) -> 0 | U77: =VALUE(IF($D77="oma",$C77,0))+VALUE(IF($H77="oma",$G77,0)) -> 0 | V77: =VALUE(IF($D77="ces",$C77,0))+VALUE(IF($H77="ces",$G77,0)) -> 0 | W77: =VALUE(IF($D77="poš",$C77,0))+VALUE(IF($H77="poš",$G77,0)) -> 0 | X77: =VALUE(IF($D77="tel",$C77,0))+VALUE(IF($H77="tel",$G77,0)) -> 0 | Y77: =VALUE(IF($D77="dop",$C77,0))+VALUE(IF($H77="dop",$G77,0)) -> 0 | Z77: =VALUE(IF($D77="nák",$C77,0))+VALUE(IF($H77="nák",$G77,0)) -> 0 | AA77: =VALUE(IF($D77="náj",$C77,0))+VALUE(IF($H77="náj",$G77,0)) -> 0 | AB77: =VALUE(IF($D77="půj",$C77,0))+VALUE(IF($H77="půj",$G77,0)) -> 0 | AC77: =VALUE(IF($D77="vst",$C77,0))+VALUE(IF($H77="vst",$G77,0)) -> 0 | AD77: =VALUE(IF($D77="kop",$C77,0))+VALUE(IF($H77="kop",$G77,0)) -> 0 | AE77: =VALUE(IF($D77="osl",$C77,0))+VALUE(IF($H77="osl",$G77,0)) -> 0 | AF77: =VALUE(IF($D77="vra",$C77,0))+VALUE(IF($H77="vra",$G77,0)) -> 0 | AG77: =VALUE(IF($D77="zho",$C77,0))+VALUE(IF($H77="zho",$G77,0)) -> 0 | AH77: =VALUE(IF($D77="zbú",$C77,0))+VALUE(IF($H77="zbú",$G77,0)) -> 0 | AI77: =VALUE(IF($D77="pří",$C77,0))+VALUE(IF($H77="pří",$G77,0)) -> 0 | AJ77: =VALUE(IF($D77="dot",$C77,0))+VALUE(IF($H77="dot",$G77,0)) -> 0 | AK77: =VALUE(IF($D77="opř",$C77,0))+VALUE(IF($H77="opř",$G77,0)) -> 0
B78: Položka | C78: Částka | D78: Kód | E78: Datum platby | F78: Poznámka | G78: Dotováno | J78: Kontrola | P78: =VALUE(IF($D78="vyb",$C78,0))+VALUE(IF($H78="vyb",$G78,0)) -> 0 | Q78: =VALUE(IF($D78="mtv",$C78,0))+VALUE(IF($H78="mtv",$G78,0)) -> 0 | R78: =VALUE(IF($D78="mat",$C78,0))+VALUE(IF($H78="mat",$G78,0)) -> 0 | S78: =VALUE(IF($D78="pot",$C78,0))+VALUE(IF($H78="pot",$G78,0)) -> 0 | T78: =VALUE(IF($D78="táb",$C78,0))+VALUE(IF($H78="táb",$G78,0)) -> 0 | U78: =VALUE(IF($D78="oma",$C78,0))+VALUE(IF($H78="oma",$G78,0)) -> 0 | V78: =VALUE(IF($D78="ces",$C78,0))+VALUE(IF($H78="ces",$G78,0)) -> 0 | W78: =VALUE(IF($D78="poš",$C78,0))+VALUE(IF($H78="poš",$G78,0)) -> 0 | X78: =VALUE(IF($D78="tel",$C78,0))+VALUE(IF($H78="tel",$G78,0)) -> 0 | Y78: =VALUE(IF($D78="dop",$C78,0))+VALUE(IF($H78="dop",$G78,0)) -> 0 | Z78: =VALUE(IF($D78="nák",$C78,0))+VALUE(IF($H78="nák",$G78,0)) -> 0 | AA78: =VALUE(IF($D78="náj",$C78,0))+VALUE(IF($H78="náj",$G78,0)) -> 0 | AB78: =VALUE(IF($D78="půj",$C78,0))+VALUE(IF($H78="půj",$G78,0)) -> 0 | AC78: =VALUE(IF($D78="vst",$C78,0))+VALUE(IF($H78="vst",$G78,0)) -> 0 | AD78: =VALUE(IF($D78="kop",$C78,0))+VALUE(IF($H78="kop",$G78,0)) -> 0 | AE78: =VALUE(IF($D78="osl",$C78,0))+VALUE(IF($H78="osl",$G78,0)) -> 0 | AF78: =VALUE(IF($D78="vra",$C78,0))+VALUE(IF($H78="vra",$G78,0)) -> 0 | AG78: =VALUE(IF($D78="zho",$C78,0))+VALUE(IF($H78="zho",$G78,0)) -> 0 | AH78: =VALUE(IF($D78="zbú",$C78,0))+VALUE(IF($H78="zbú",$G78,0)) -> 0 | AI78: =VALUE(IF($D78="pří",$C78,0))+VALUE(IF($H78="pří",$G78,0)) -> 0 | AJ78: =VALUE(IF($D78="dot",$C78,0))+VALUE(IF($H78="dot",$G78,0)) -> 0 | AK78: =VALUE(IF($D78="opř",$C78,0))+VALUE(IF($H78="opř",$G78,0)) -> 0 | AL78: součet
A79: 65 | J79: =IF(AL79=C79,IF(AL79=0,"-","ok"),"chyba") -> - | P79: =VALUE(IF($D79="vyb",$C79,0))+VALUE(IF($H79="vyb",$G79,0)) -> 0 | Q79: =VALUE(IF($D79="mtv",$C79,0))+VALUE(IF($H79="mtv",$G79,0)) -> 0 | R79: =VALUE(IF($D79="mat",$C79,0))+VALUE(IF($H79="mat",$G79,0)) -> 0 | S79: =VALUE(IF($D79="pot",$C79,0))+VALUE(IF($H79="pot",$G79,0)) -> 0 | T79: =VALUE(IF($D79="táb",$C79,0))+VALUE(IF($H79="táb",$G79,0)) -> 0 | U79: =VALUE(IF($D79="oma",$C79,0))+VALUE(IF($H79="oma",$G79,0)) -> 0 | V79: =VALUE(IF($D79="ces",$C79,0))+VALUE(IF($H79="ces",$G79,0)) -> 0 | W79: =VALUE(IF($D79="poš",$C79,0))+VALUE(IF($H79="poš",$G79,0)) -> 0 | X79: =VALUE(IF($D79="tel",$C79,0))+VALUE(IF($H79="tel",$G79,0)) -> 0 | Y79: =VALUE(IF($D79="dop",$C79,0))+VALUE(IF($H79="dop",$G79,0)) -> 0 | Z79: =VALUE(IF($D79="nák",$C79,0))+VALUE(IF($H79="nák",$G79,0)) -> 0 | AA79: =VALUE(IF($D79="náj",$C79,0))+VALUE(IF($H79="náj",$G79,0)) -> 0 | AB79: =VALUE(IF($D79="půj",$C79,0))+VALUE(IF($H79="půj",$G79,0)) -> 0 | AC79: =VALUE(IF($D79="vst",$C79,0))+VALUE(IF($H79="vst",$G79,0)) -> 0 | AD79: =VALUE(IF($D79="kop",$C79,0))+VALUE(IF($H79="kop",$G79,0)) -> 0 | AE79: =VALUE(IF($D79="osl",$C79,0))+VALUE(IF($H79="osl",$G79,0)) -> 0 | AF79: =VALUE(IF($D79="vra",$C79,0))+VALUE(IF($H79="vra",$G79,0)) -> 0 | AG79: =VALUE(IF($D79="zho",$C79,0))+VALUE(IF($H79="zho",$G79,0)) -> 0 | AH79: =VALUE(IF($D79="zbú",$C79,0))+VALUE(IF($H79="zbú",$G79,0)) -> 0 | AI79: =VALUE(IF($D79="pří",$C79,0))+VALUE(IF($H79="pří",$G79,0)) -> 0 | AJ79: =VALUE(IF($D79="dot",$C79,0))+VALUE(IF($H79="dot",$G79,0)) -> 0 | AK79: =VALUE(IF($D79="opř",$C79,0))+VALUE(IF($H79="opř",$G79,0)) -> 0 | AL79: =SUM(P79:AK79) -> 0 | AN79: =CONCATENATE('Přehled akce'!$K$4," / ",'Přehled akce'!$K$5) -> / | AO79: =IF('Příjmy a výdaje'!$G79="ano",'Příjmy a výdaje'!$B79,0) -> 0 | AP79: =IF('Příjmy a výdaje'!$G79="ano",'Příjmy a výdaje'!$C79,0) -> 0 | AQ79: ='Příjmy a výdaje'!$AP79 -> 0
A80: 66 | J80: =IF(AL80=C80,IF(AL80=0,"-","ok"),"chyba") -> - | P80: =VALUE(IF($D80="vyb",$C80,0))+VALUE(IF($H80="vyb",$G80,0)) -> 0 | Q80: =VALUE(IF($D80="mtv",$C80,0))+VALUE(IF($H80="mtv",$G80,0)) -> 0 | R80: =VALUE(IF($D80="mat",$C80,0))+VALUE(IF($H80="mat",$G80,0)) -> 0 | S80: =VALUE(IF($D80="pot",$C80,0))+VALUE(IF($H80="pot",$G80,0)) -> 0 | T80: =VALUE(IF($D80="táb",$C80,0))+VALUE(IF($H80="táb",$G80,0)) -> 0 | U80: =VALUE(IF($D80="oma",$C80,0))+VALUE(IF($H80="oma",$G80,0)) -> 0 | V80: =VALUE(IF($D80="ces",$C80,0))+VALUE(IF($H80="ces",$G80,0)) -> 0 | W80: =VALUE(IF($D80="poš",$C80,0))+VALUE(IF($H80="poš",$G80,0)) -> 0 | X80: =VALUE(IF($D80="tel",$C80,0))+VALUE(IF($H80="tel",$G80,0)) -> 0 | Y80: =VALUE(IF($D80="dop",$C80,0))+VALUE(IF($H80="dop",$G80,0)) -> 0 | Z80: =VALUE(IF($D80="nák",$C80,0))+VALUE(IF($H80="nák",$G80,0)) -> 0 | AA80: =VALUE(IF($D80="náj",$C80,0))+VALUE(IF($H80="náj",$G80,0)) -> 0 | AB80: =VALUE(IF($D80="půj",$C80,0))+VALUE(IF($H80="půj",$G80,0)) -> 0 | AC80: =VALUE(IF($D80="vst",$C80,0))+VALUE(IF($H80="vst",$G80,0)) -> 0 | AD80: =VALUE(IF($D80="kop",$C80,0))+VALUE(IF($H80="kop",$G80,0)) -> 0 | AE80: =VALUE(IF($D80="osl",$C80,0))+VALUE(IF($H80="osl",$G80,0)) -> 0 | AF80: =VALUE(IF($D80="vra",$C80,0))+VALUE(IF($H80="vra",$G80,0)) -> 0 | AG80: =VALUE(IF($D80="zho",$C80,0))+VALUE(IF($H80="zho",$G80,0)) -> 0 | AH80: =VALUE(IF($D80="zbú",$C80,0))+VALUE(IF($H80="zbú",$G80,0)) -> 0 | AI80: =VALUE(IF($D80="pří",$C80,0))+VALUE(IF($H80="pří",$G80,0)) -> 0 | AJ80: =VALUE(IF($D80="dot",$C80,0))+VALUE(IF($H80="dot",$G80,0)) -> 0 | AK80: =VALUE(IF($D80="opř",$C80,0))+VALUE(IF($H80="opř",$G80,0)) -> 0 | AL80: =SUM(P80:AK80) -> 0 | AN80: =CONCATENATE('Přehled akce'!$K$4," / ",'Přehled akce'!$K$5) -> / | AO80: =IF('Příjmy a výdaje'!$G80="ano",'Příjmy a výdaje'!$B80,0) -> 0 | AP80: =IF('Příjmy a výdaje'!$G80="ano",'Příjmy a výdaje'!$C80,0) -> 0 | AQ80: ='Příjmy a výdaje'!$AP80 -> 0
A81: 67 | J81: =IF(AL81=C81,IF(AL81=0,"-","ok"),"chyba") -> - | P81: =VALUE(IF($D81="vyb",$C81,0))+VALUE(IF($H81="vyb",$G81,0)) -> 0 | Q81: =VALUE(IF($D81="mtv",$C81,0))+VALUE(IF($H81="mtv",$G81,0)) -> 0 | R81: =VALUE(IF($D81="mat",$C81,0))+VALUE(IF($H81="mat",$G81,0)) -> 0 | S81: =VALUE(IF($D81="pot",$C81,0))+VALUE(IF($H81="pot",$G81,0)) -> 0 | T81: =VALUE(IF($D81="táb",$C81,0))+VALUE(IF($H81="táb",$G81,0)) -> 0 | U81: =VALUE(IF($D81="oma",$C81,0))+VALUE(IF($H81="oma",$G81,0)) -> 0 | V81: =VALUE(IF($D81="ces",$C81,0))+VALUE(IF($H81="ces",$G81,0)) -> 0 | W81: =VALUE(IF($D81="poš",$C81,0))+VALUE(IF($H81="poš",$G81,0)) -> 0 | X81: =VALUE(IF($D81="tel",$C81,0))+VALUE(IF($H81="tel",$G81,0)) -> 0 | Y81: =VALUE(IF($D81="dop",$C81,0))+VALUE(IF($H81="dop",$G81,0)) -> 0 | Z81: =VALUE(IF($D81="nák",$C81,0))+VALUE(IF($H81="nák",$G81,0)) -> 0 | AA81: =VALUE(IF($D81="náj",$C81,0))+VALUE(IF($H81="náj",$G81,0)) -> 0 | AB81: =VALUE(IF($D81="půj",$C81,0))+VALUE(IF($H81="půj",$G81,0)) -> 0 | AC81: =VALUE(IF($D81="vst",$C81,0))+VALUE(IF($H81="vst",$G81,0)) -> 0 | AD81: =VALUE(IF($D81="kop",$C81,0))+VALUE(IF($H81="kop",$G81,0)) -> 0 | AE81: =VALUE(IF($D81="osl",$C81,0))+VALUE(IF($H81="osl",$G81,0)) -> 0 | AF81: =VALUE(IF($D81="vra",$C81,0))+VALUE(IF($H81="vra",$G81,0)) -> 0 | AG81: =VALUE(IF($D81="zho",$C81,0))+VALUE(IF($H81="zho",$G81,0)) -> 0 | AH81: =VALUE(IF($D81="zbú",$C81,0))+VALUE(IF($H81="zbú",$G81,0)) -> 0 | AI81: =VALUE(IF($D81="pří",$C81,0))+VALUE(IF($H81="pří",$G81,0)) -> 0 | AJ81: =VALUE(IF($D81="dot",$C81,0))+VALUE(IF($H81="dot",$G81,0)) -> 0 | AK81: =VALUE(IF($D81="opř",$C81,0))+VALUE(IF($H81="opř",$G81,0)) -> 0 | AL81: =SUM(P81:AK81) -> 0 | AN81: =CONCATENATE('Přehled akce'!$K$4," / ",'Přehled akce'!$K$5) -> / | AO81: =IF('Příjmy a výdaje'!$G81="ano",'Příjmy a výdaje'!$B81,0) -> 0 | AP81: =IF('Příjmy a výdaje'!$G81="ano",'Příjmy a výdaje'!$C81,0) -> 0 | AQ81: ='Příjmy a výdaje'!$AP81 -> 0
A82: 68 | J82: =IF(AL82=C82,IF(AL82=0,"-","ok"),"chyba") -> - | P82: =VALUE(IF($D82="vyb",$C82,0))+VALUE(IF($H82="vyb",$G82,0)) -> 0 | Q82: =VALUE(IF($D82="mtv",$C82,0))+VALUE(IF($H82="mtv",$G82,0)) -> 0 | R82: =VALUE(IF($D82="mat",$C82,0))+VALUE(IF($H82="mat",$G82,0)) -> 0 | S82: =VALUE(IF($D82="pot",$C82,0))+VALUE(IF($H82="pot",$G82,0)) -> 0 | T82: =VALUE(IF($D82="táb",$C82,0))+VALUE(IF($H82="táb",$G82,0)) -> 0 | U82: =VALUE(IF($D82="oma",$C82,0))+VALUE(IF($H82="oma",$G82,0)) -> 0 | V82: =VALUE(IF($D82="ces",$C82,0))+VALUE(IF($H82="ces",$G82,0)) -> 0 | W82: =VALUE(IF($D82="poš",$C82,0))+VALUE(IF($H82="poš",$G82,0)) -> 0 | X82: =VALUE(IF($D82="tel",$C82,0))+VALUE(IF($H82="tel",$G82,0)) -> 0 | Y82: =VALUE(IF($D82="dop",$C82,0))+VALUE(IF($H82="dop",$G82,0)) -> 0 | Z82: =VALUE(IF($D82="nák",$C82,0))+VALUE(IF($H82="nák",$G82,0)) -> 0 | AA82: =VALUE(IF($D82="náj",$C82,0))+VALUE(IF($H82="náj",$G82,0)) -> 0 | AB82: =VALUE(IF($D82="půj",$C82,0))+VALUE(IF($H82="půj",$G82,0)) -> 0 | AC82: =VALUE(IF($D82="vst",$C82,0))+VALUE(IF($H82="vst",$G82,0)) -> 0 | AD82: =VALUE(IF($D82="kop",$C82,0))+VALUE(IF($H82="kop",$G82,0)) -> 0 | AE82: =VALUE(IF($D82="osl",$C82,0))+VALUE(IF($H82="osl",$G82,0)) -> 0 | AF82: =VALUE(IF($D82="vra",$C82,0))+VALUE(IF($H82="vra",$G82,0)) -> 0 | AG82: =VALUE(IF($D82="zho",$C82,0))+VALUE(IF($H82="zho",$G82,0)) -> 0 | AH82: =VALUE(IF($D82="zbú",$C82,0))+VALUE(IF($H82="zbú",$G82,0)) -> 0 | AI82: =VALUE(IF($D82="pří",$C82,0))+VALUE(IF($H82="pří",$G82,0)) -> 0 | AJ82: =VALUE(IF($D82="dot",$C82,0))+VALUE(IF($H82="dot",$G82,0)) -> 0 | AK82: =VALUE(IF($D82="opř",$C82,0))+VALUE(IF($H82="opř",$G82,0)) -> 0 | AL82: =SUM(P82:AK82) -> 0 | AN82: =CONCATENATE('Přehled akce'!$K$4," / ",'Přehled akce'!$K$5) -> / | AO82: =IF('Příjmy a výdaje'!$G82="ano",'Příjmy a výdaje'!$B82,0) -> 0 | AP82: =IF('Příjmy a výdaje'!$G82="ano",'Příjmy a výdaje'!$C82,0) -> 0 | AQ82: ='Příjmy a výdaje'!$AP82 -> 0
A83: 69 | J83: =IF(AL83=C83,IF(AL83=0,"-","ok"),"chyba") -> - | P83: =VALUE(IF($D83="vyb",$C83,0))+VALUE(IF($H83="vyb",$G83,0)) -> 0 | Q83: =VALUE(IF($D83="mtv",$C83,0))+VALUE(IF($H83="mtv",$G83,0)) -> 0 | R83: =VALUE(IF($D83="mat",$C83,0))+VALUE(IF($H83="mat",$G83,0)) -> 0 | S83: =VALUE(IF($D83="pot",$C83,0))+VALUE(IF($H83="pot",$G83,0)) -> 0 | T83: =VALUE(IF($D83="táb",$C83,0))+VALUE(IF($H83="táb",$G83,0)) -> 0 | U83: =VALUE(IF($D83="oma",$C83,0))+VALUE(IF($H83="oma",$G83,0)) -> 0 | V83: =VALUE(IF($D83="ces",$C83,0))+VALUE(IF($H83="ces",$G83,0)) -> 0 | W83: =VALUE(IF($D83="poš",$C83,0))+VALUE(IF($H83="poš",$G83,0)) -> 0 | X83: =VALUE(IF($D83="tel",$C83,0))+VALUE(IF($H83="tel",$G83,0)) -> 0 | Y83: =VALUE(IF($D83="dop",$C83,0))+VALUE(IF($H83="dop",$G83,0)) -> 0 | Z83: =VALUE(IF($D83="nák",$C83,0))+VALUE(IF($H83="nák",$G83,0)) -> 0 | AA83: =VALUE(IF($D83="náj",$C83,0))+VALUE(IF($H83="náj",$G83,0)) -> 0 | AB83: =VALUE(IF($D83="půj",$C83,0))+VALUE(IF($H83="půj",$G83,0)) -> 0 | AC83: =VALUE(IF($D83="vst",$C83,0))+VALUE(IF($H83="vst",$G83,0)) -> 0 | AD83: =VALUE(IF($D83="kop",$C83,0))+VALUE(IF($H83="kop",$G83,0)) -> 0 | AE83: =VALUE(IF($D83="osl",$C83,0))+VALUE(IF($H83="osl",$G83,0)) -> 0 | AF83: =VALUE(IF($D83="vra",$C83,0))+VALUE(IF($H83="vra",$G83,0)) -> 0 | AG83: =VALUE(IF($D83="zho",$C83,0))+VALUE(IF($H83="zho",$G83,0)) -> 0 | AH83: =VALUE(IF($D83="zbú",$C83,0))+VALUE(IF($H83="zbú",$G83,0)) -> 0 | AI83: =VALUE(IF($D83="pří",$C83,0))+VALUE(IF($H83="pří",$G83,0)) -> 0 | AJ83: =VALUE(IF($D83="dot",$C83,0))+VALUE(IF($H83="dot",$G83,0)) -> 0 | AK83: =VALUE(IF($D83="opř",$C83,0))+VALUE(IF($H83="opř",$G83,0)) -> 0 | AL83: =SUM(P83:AK83) -> 0 | AN83: =CONCATENATE('Přehled akce'!$K$4," / ",'Přehled akce'!$K$5) -> / | AO83: =IF('Příjmy a výdaje'!$G83="ano",'Příjmy a výdaje'!$B83,0) -> 0 | AP83: =IF('Příjmy a výdaje'!$G83="ano",'Příjmy a výdaje'!$C83,0) -> 0 | AQ83: ='Příjmy a výdaje'!$AP83 -> 0
A84: 70 | J84: =IF(AL84=C84,IF(AL84=0,"-","ok"),"chyba") -> - | P84: =VALUE(IF($D84="vyb",$C84,0))+VALUE(IF($H84="vyb",$G84,0)) -> 0 | Q84: =VALUE(IF($D84="mtv",$C84,0))+VALUE(IF($H84="mtv",$G84,0)) -> 0 | R84: =VALUE(IF($D84="mat",$C84,0))+VALUE(IF($H84="mat",$G84,0)) -> 0 | S84: =VALUE(IF($D84="pot",$C84,0))+VALUE(IF($H84="pot",$G84,0)) -> 0 | T84: =VALUE(IF($D84="táb",$C84,0))+VALUE(IF($H84="táb",$G84,0)) -> 0 | U84: =VALUE(IF($D84="oma",$C84,0))+VALUE(IF($H84="oma",$G84,0)) -> 0 | V84: =VALUE(IF($D84="ces",$C84,0))+VALUE(IF($H84="ces",$G84,0)) -> 0 | W84: =VALUE(IF($D84="poš",$C84,0))+VALUE(IF($H84="poš",$G84,0)) -> 0 | X84: =VALUE(IF($D84="tel",$C84,0))+VALUE(IF($H84="tel",$G84,0)) -> 0 | Y84: =VALUE(IF($D84="dop",$C84,0))+VALUE(IF($H84="dop",$G84,0)) -> 0 | Z84: =VALUE(IF($D84="nák",$C84,0))+VALUE(IF($H84="nák",$G84,0)) -> 0 | AA84: =VALUE(IF($D84="náj",$C84,0))+VALUE(IF($H84="náj",$G84,0)) -> 0 | AB84: =VALUE(IF($D84="půj",$C84,0))+VALUE(IF($H84="půj",$G84,0)) -> 0 | AC84: =VALUE(IF($D84="vst",$C84,0))+VALUE(IF($H84="vst",$G84,0)) -> 0 | AD84: =VALUE(IF($D84="kop",$C84,0))+VALUE(IF($H84="kop",$G84,0)) -> 0 | AE84: =VALUE(IF($D84="osl",$C84,0))+VALUE(IF($H84="osl",$G84,0)) -> 0 | AF84: =VALUE(IF($D84="vra",$C84,0))+VALUE(IF($H84="vra",$G84,0)) -> 0 | AG84: =VALUE(IF($D84="zho",$C84,0))+VALUE(IF($H84="zho",$G84,0)) -> 0 | AH84: =VALUE(IF($D84="zbú",$C84,0))+VALUE(IF($H84="zbú",$G84,0)) -> 0 | AI84: =VALUE(IF($D84="pří",$C84,0))+VALUE(IF($H84="pří",$G84,0)) -> 0 | AJ84: =VALUE(IF($D84="dot",$C84,0))+VALUE(IF($H84="dot",$G84,0)) -> 0 | AK84: =VALUE(IF($D84="opř",$C84,0))+VALUE(IF($H84="opř",$G84,0)) -> 0 | AL84: =SUM(P84:AK84) -> 0 | AN84: =CONCATENATE('Přehled akce'!$K$4," / ",'Přehled akce'!$K$5) -> / | AO84: =IF('Příjmy a výdaje'!$G84="ano",'Příjmy a výdaje'!$B84,0) -> 0 | AP84: =IF('Příjmy a výdaje'!$G84="ano",'Příjmy a výdaje'!$C84,0) -> 0 | AQ84: ='Příjmy a výdaje'!$AP84 -> 0
A85: 71 | J85: =IF(AL85=C85,IF(AL85=0,"-","ok"),"chyba") -> - | P85: =VALUE(IF($D85="vyb",$C85,0))+VALUE(IF($H85="vyb",$G85,0)) -> 0 | Q85: =VALUE(IF($D85="mtv",$C85,0))+VALUE(IF($H85="mtv",$G85,0)) -> 0 | R85: =VALUE(IF($D85="mat",$C85,0))+VALUE(IF($H85="mat",$G85,0)) -> 0 | S85: =VALUE(IF($D85="pot",$C85,0))+VALUE(IF($H85="pot",$G85,0)) -> 0 | T85: =VALUE(IF($D85="táb",$C85,0))+VALUE(IF($H85="táb",$G85,0)) -> 0 | U85: =VALUE(IF($D85="oma",$C85,0))+VALUE(IF($H85="oma",$G85,0)) -> 0 | V85: =VALUE(IF($D85="ces",$C85,0))+VALUE(IF($H85="ces",$G85,0)) -> 0 | W85: =VALUE(IF($D85="poš",$C85,0))+VALUE(IF($H85="poš",$G85,0)) -> 0 | X85: =VALUE(IF($D85="tel",$C85,0))+VALUE(IF($H85="tel",$G85,0)) -> 0 | Y85: =VALUE(IF($D85="dop",$C85,0))+VALUE(IF($H85="dop",$G85,0)) -> 0 | Z85: =VALUE(IF($D85="nák",$C85,0))+VALUE(IF($H85="nák",$G85,0)) -> 0 | AA85: =VALUE(IF($D85="náj",$C85,0))+VALUE(IF($H85="náj",$G85,0)) -> 0 | AB85: =VALUE(IF($D85="půj",$C85,0))+VALUE(IF($H85="půj",$G85,0)) -> 0 | AC85: =VALUE(IF($D85="vst",$C85,0))+VALUE(IF($H85="vst",$G85,0)) -> 0 | AD85: =VALUE(IF($D85="kop",$C85,0))+VALUE(IF($H85="kop",$G85,0)) -> 0 | AE85: =VALUE(IF($D85="osl",$C85,0))+VALUE(IF($H85="osl",$G85,0)) -> 0 | AF85: =VALUE(IF($D85="vra",$C85,0))+VALUE(IF($H85="vra",$G85,0)) -> 0 | AG85: =VALUE(IF($D85="zho",$C85,0))+VALUE(IF($H85="zho",$G85,0)) -> 0 | AH85: =VALUE(IF($D85="zbú",$C85,0))+VALUE(IF($H85="zbú",$G85,0)) -> 0 | AI85: =VALUE(IF($D85="pří",$C85,0))+VALUE(IF($H85="pří",$G85,0)) -> 0 | AJ85: =VALUE(IF($D85="dot",$C85,0))+VALUE(IF($H85="dot",$G85,0)) -> 0 | AK85: =VALUE(IF($D85="opř",$C85,0))+VALUE(IF($H85="opř",$G85,0)) -> 0 | AL85: =SUM(P85:AK85) -> 0 | AN85: =CONCATENATE('Přehled akce'!$K$4," / ",'Přehled akce'!$K$5) -> / | AO85: =IF('Příjmy a výdaje'!$G85="ano",'Příjmy a výdaje'!$B85,0) -> 0 | AP85: =IF('Příjmy a výdaje'!$G85="ano",'Příjmy a výdaje'!$C85,0) -> 0 | AQ85: ='Příjmy a výdaje'!$AP85 -> 0
A86: 72 | J86: =IF(AL86=C86,IF(AL86=0,"-","ok"),"chyba") -> - | P86: =VALUE(IF($D86="vyb",$C86,0))+VALUE(IF($H86="vyb",$G86,0)) -> 0 | Q86: =VALUE(IF($D86="mtv",$C86,0))+VALUE(IF($H86="mtv",$G86,0)) -> 0 | R86: =VALUE(IF($D86="mat",$C86,0))+VALUE(IF($H86="mat",$G86,0)) -> 0 | S86: =VALUE(IF($D86="pot",$C86,0))+VALUE(IF($H86="pot",$G86,0)) -> 0 | T86: =VALUE(IF($D86="táb",$C86,0))+VALUE(IF($H86="táb",$G86,0)) -> 0 | U86: =VALUE(IF($D86="oma",$C86,0))+VALUE(IF($H86="oma",$G86,0)) -> 0 | V86: =VALUE(IF($D86="ces",$C86,0))+VALUE(IF($H86="ces",$G86,0)) -> 0 | W86: =VALUE(IF($D86="poš",$C86,0))+VALUE(IF($H86="poš",$G86,0)) -> 0 | X86: =VALUE(IF($D86="tel",$C86,0))+VALUE(IF($H86="tel",$G86,0)) -> 0 | Y86: =VALUE(IF($D86="dop",$C86,0))+VALUE(IF($H86="dop",$G86,0)) -> 0 | Z86: =VALUE(IF($D86="nák",$C86,0))+VALUE(IF($H86="nák",$G86,0)) -> 0 | AA86: =VALUE(IF($D86="náj",$C86,0))+VALUE(IF($H86="náj",$G86,0)) -> 0 | AB86: =VALUE(IF($D86="půj",$C86,0))+VALUE(IF($H86="půj",$G86,0)) -> 0 | AC86: =VALUE(IF($D86="vst",$C86,0))+VALUE(IF($H86="vst",$G86,0)) -> 0 | AD86: =VALUE(IF($D86="kop",$C86,0))+VALUE(IF($H86="kop",$G86,0)) -> 0 | AE86: =VALUE(IF($D86="osl",$C86,0))+VALUE(IF($H86="osl",$G86,0)) -> 0 | AF86: =VALUE(IF($D86="vra",$C86,0))+VALUE(IF($H86="vra",$G86,0)) -> 0 | AG86: =VALUE(IF($D86="zho",$C86,0))+VALUE(IF($H86="zho",$G86,0)) -> 0 | AH86: =VALUE(IF($D86="zbú",$C86,0))+VALUE(IF($H86="zbú",$G86,0)) -> 0 | AI86: =VALUE(IF($D86="pří",$C86,0))+VALUE(IF($H86="pří",$G86,0)) -> 0 | AJ86: =VALUE(IF($D86="dot",$C86,0))+VALUE(IF($H86="dot",$G86,0)) -> 0 | AK86: =VALUE(IF($D86="opř",$C86,0))+VALUE(IF($H86="opř",$G86,0)) -> 0 | AL86: =SUM(P86:AK86) -> 0 | AN86: =CONCATENATE('Přehled akce'!$K$4," / ",'Přehled akce'!$K$5) -> / | AO86: =IF('Příjmy a výdaje'!$G86="ano",'Příjmy a výdaje'!$B86,0) -> 0 | AP86: =IF('Příjmy a výdaje'!$G86="ano",'Příjmy a výdaje'!$C86,0) -> 0 | AQ86: ='Příjmy a výdaje'!$AP86 -> 0
A87: 73 | J87: =IF(AL87=C87,IF(AL87=0,"-","ok"),"chyba") -> - | P87: =VALUE(IF($D87="vyb",$C87,0))+VALUE(IF($H87="vyb",$G87,0)) -> 0 | Q87: =VALUE(IF($D87="mtv",$C87,0))+VALUE(IF($H87="mtv",$G87,0)) -> 0 | R87: =VALUE(IF($D87="mat",$C87,0))+VALUE(IF($H87="mat",$G87,0)) -> 0 | S87: =VALUE(IF($D87="pot",$C87,0))+VALUE(IF($H87="pot",$G87,0)) -> 0 | T87: =VALUE(IF($D87="táb",$C87,0))+VALUE(IF($H87="táb",$G87,0)) -> 0 | U87: =VALUE(IF($D87="oma",$C87,0))+VALUE(IF($H87="oma",$G87,0)) -> 0 | V87: =VALUE(IF($D87="ces",$C87,0))+VALUE(IF($H87="ces",$G87,0)) -> 0 | W87: =VALUE(IF($D87="poš",$C87,0))+VALUE(IF($H87="poš",$G87,0)) -> 0 | X87: =VALUE(IF($D87="tel",$C87,0))+VALUE(IF($H87="tel",$G87,0)) -> 0 | Y87: =VALUE(IF($D87="dop",$C87,0))+VALUE(IF($H87="dop",$G87,0)) -> 0 | Z87: =VALUE(IF($D87="nák",$C87,0))+VALUE(IF($H87="nák",$G87,0)) -> 0 | AA87: =VALUE(IF($D87="náj",$C87,0))+VALUE(IF($H87="náj",$G87,0)) -> 0 | AB87: =VALUE(IF($D87="půj",$C87,0))+VALUE(IF($H87="půj",$G87,0)) -> 0 | AC87: =VALUE(IF($D87="vst",$C87,0))+VALUE(IF($H87="vst",$G87,0)) -> 0 | AD87: =VALUE(IF($D87="kop",$C87,0))+VALUE(IF($H87="kop",$G87,0)) -> 0 | AE87: =VALUE(IF($D87="osl",$C87,0))+VALUE(IF($H87="osl",$G87,0)) -> 0 | AF87: =VALUE(IF($D87="vra",$C87,0))+VALUE(IF($H87="vra",$G87,0)) -> 0 | AG87: =VALUE(IF($D87="zho",$C87,0))+VALUE(IF($H87="zho",$G87,0)) -> 0 | AH87: =VALUE(IF($D87="zbú",$C87,0))+VALUE(IF($H87="zbú",$G87,0)) -> 0 | AI87: =VALUE(IF($D87="pří",$C87,0))+VALUE(IF($H87="pří",$G87,0)) -> 0 | AJ87: =VALUE(IF($D87="dot",$C87,0))+VALUE(IF($H87="dot",$G87,0)) -> 0 | AK87: =VALUE(IF($D87="opř",$C87,0))+VALUE(IF($H87="opř",$G87,0)) -> 0 | AL87: =SUM(P87:AK87) -> 0 | AN87: =CONCATENATE('Přehled akce'!$K$4," / ",'Přehled akce'!$K$5) -> / | AO87: =IF('Příjmy a výdaje'!$G87="ano",'Příjmy a výdaje'!$B87,0) -> 0 | AP87: =IF('Příjmy a výdaje'!$G87="ano",'Příjmy a výdaje'!$C87,0) -> 0 | AQ87: ='Příjmy a výdaje'!$AP87 -> 0
A88: 74 | J88: =IF(AL88=C88,IF(AL88=0,"-","ok"),"chyba") -> - | P88: =VALUE(IF($D88="vyb",$C88,0))+VALUE(IF($H88="vyb",$G88,0)) -> 0 | Q88: =VALUE(IF($D88="mtv",$C88,0))+VALUE(IF($H88="mtv",$G88,0)) -> 0 | R88: =VALUE(IF($D88="mat",$C88,0))+VALUE(IF($H88="mat",$G88,0)) -> 0 | S88: =VALUE(IF($D88="pot",$C88,0))+VALUE(IF($H88="pot",$G88,0)) -> 0 | T88: =VALUE(IF($D88="táb",$C88,0))+VALUE(IF($H88="táb",$G88,0)) -> 0 | U88: =VALUE(IF($D88="oma",$C88,0))+VALUE(IF($H88="oma",$G88,0)) -> 0 | V88: =VALUE(IF($D88="ces",$C88,0))+VALUE(IF($H88="ces",$G88,0)) -> 0 | W88: =VALUE(IF($D88="poš",$C88,0))+VALUE(IF($H88="poš",$G88,0)) -> 0 | X88: =VALUE(IF($D88="tel",$C88,0))+VALUE(IF($H88="tel",$G88,0)) -> 0 | Y88: =VALUE(IF($D88="dop",$C88,0))+VALUE(IF($H88="dop",$G88,0)) -> 0 | Z88: =VALUE(IF($D88="nák",$C88,0))+VALUE(IF($H88="nák",$G88,0)) -> 0 | AA88: =VALUE(IF($D88="náj",$C88,0))+VALUE(IF($H88="náj",$G88,0)) -> 0 | AB88: =VALUE(IF($D88="půj",$C88,0))+VALUE(IF($H88="půj",$G88,0)) -> 0 | AC88: =VALUE(IF($D88="vst",$C88,0))+VALUE(IF($H88="vst",$G88,0)) -> 0 | AD88: =VALUE(IF($D88="kop",$C88,0))+VALUE(IF($H88="kop",$G88,0)) -> 0 | AE88: =VALUE(IF($D88="osl",$C88,0))+VALUE(IF($H88="osl",$G88,0)) -> 0 | AF88: =VALUE(IF($D88="vra",$C88,0))+VALUE(IF($H88="vra",$G88,0)) -> 0 | AG88: =VALUE(IF($D88="zho",$C88,0))+VALUE(IF($H88="zho",$G88,0)) -> 0 | AH88: =VALUE(IF($D88="zbú",$C88,0))+VALUE(IF($H88="zbú",$G88,0)) -> 0 | AI88: =VALUE(IF($D88="pří",$C88,0))+VALUE(IF($H88="pří",$G88,0)) -> 0 | AJ88: =VALUE(IF($D88="dot",$C88,0))+VALUE(IF($H88="dot",$G88,0)) -> 0 | AK88: =VALUE(IF($D88="opř",$C88,0))+VALUE(IF($H88="opř",$G88,0)) -> 0 | AL88: =SUM(P88:AK88) -> 0 | AN88: =CONCATENATE('Přehled akce'!$K$4," / ",'Přehled akce'!$K$5) -> / | AO88: =IF('Příjmy a výdaje'!$G88="ano",'Příjmy a výdaje'!$B88,0) -> 0 | AP88: =IF('Příjmy a výdaje'!$G88="ano",'Příjmy a výdaje'!$C88,0) -> 0 | AQ88: ='Příjmy a výdaje'!$AP88 -> 0
A89: 75 | J89: =IF(AL89=C89,IF(AL89=0,"-","ok"),"chyba") -> - | P89: =VALUE(IF($D89="vyb",$C89,0))+VALUE(IF($H89="vyb",$G89,0)) -> 0 | Q89: =VALUE(IF($D89="mtv",$C89,0))+VALUE(IF($H89="mtv",$G89,0)) -> 0 | R89: =VALUE(IF($D89="mat",$C89,0))+VALUE(IF($H89="mat",$G89,0)) -> 0 | S89: =VALUE(IF($D89="pot",$C89,0))+VALUE(IF($H89="pot",$G89,0)) -> 0 | T89: =VALUE(IF($D89="táb",$C89,0))+VALUE(IF($H89="táb",$G89,0)) -> 0 | U89: =VALUE(IF($D89="oma",$C89,0))+VALUE(IF($H89="oma",$G89,0)) -> 0 | V89: =VALUE(IF($D89="ces",$C89,0))+VALUE(IF($H89="ces",$G89,0)) -> 0 | W89: =VALUE(IF($D89="poš",$C89,0))+VALUE(IF($H89="poš",$G89,0)) -> 0 | X89: =VALUE(IF($D89="tel",$C89,0))+VALUE(IF($H89="tel",$G89,0)) -> 0 | Y89: =VALUE(IF($D89="dop",$C89,0))+VALUE(IF($H89="dop",$G89,0)) -> 0 | Z89: =VALUE(IF($D89="nák",$C89,0))+VALUE(IF($H89="nák",$G89,0)) -> 0 | AA89: =VALUE(IF($D89="náj",$C89,0))+VALUE(IF($H89="náj",$G89,0)) -> 0 | AB89: =VALUE(IF($D89="půj",$C89,0))+VALUE(IF($H89="půj",$G89,0)) -> 0 | AC89: =VALUE(IF($D89="vst",$C89,0))+VALUE(IF($H89="vst",$G89,0)) -> 0 | AD89: =VALUE(IF($D89="kop",$C89,0))+VALUE(IF($H89="kop",$G89,0)) -> 0 | AE89: =VALUE(IF($D89="osl",$C89,0))+VALUE(IF($H89="osl",$G89,0)) -> 0 | AF89: =VALUE(IF($D89="vra",$C89,0))+VALUE(IF($H89="vra",$G89,0)) -> 0 | AG89: =VALUE(IF($D89="zho",$C89,0))+VALUE(IF($H89="zho",$G89,0)) -> 0 | AH89: =VALUE(IF($D89="zbú",$C89,0))+VALUE(IF($H89="zbú",$G89,0)) -> 0 | AI89: =VALUE(IF($D89="pří",$C89,0))+VALUE(IF($H89="pří",$G89,0)) -> 0 | AJ89: =VALUE(IF($D89="dot",$C89,0))+VALUE(IF($H89="dot",$G89,0)) -> 0 | AK89: =VALUE(IF($D89="opř",$C89,0))+VALUE(IF($H89="opř",$G89,0)) -> 0 | AL89: =SUM(P89:AK89) -> 0 | AN89: =CONCATENATE('Přehled akce'!$K$4," / ",'Přehled akce'!$K$5) -> / | AO89: =IF('Příjmy a výdaje'!$G89="ano",'Příjmy a výdaje'!$B89,0) -> 0 | AP89: =IF('Příjmy a výdaje'!$G89="ano",'Příjmy a výdaje'!$C89,0) -> 0 | AQ89: ='Příjmy a výdaje'!$AP89 -> 0
A90: 76 | J90: =IF(AL90=C90,IF(AL90=0,"-","ok"),"chyba") -> - | P90: =VALUE(IF($D90="vyb",$C90,0))+VALUE(IF($H90="vyb",$G90,0)) -> 0 | Q90: =VALUE(IF($D90="mtv",$C90,0))+VALUE(IF($H90="mtv",$G90,0)) -> 0 | R90: =VALUE(IF($D90="mat",$C90,0))+VALUE(IF($H90="mat",$G90,0)) -> 0 | S90: =VALUE(IF($D90="pot",$C90,0))+VALUE(IF($H90="pot",$G90,0)) -> 0 | T90: =VALUE(IF($D90="táb",$C90,0))+VALUE(IF($H90="táb",$G90,0)) -> 0 | U90: =VALUE(IF($D90="oma",$C90,0))+VALUE(IF($H90="oma",$G90,0)) -> 0 | V90: =VALUE(IF($D90="ces",$C90,0))+VALUE(IF($H90="ces",$G90,0)) -> 0 | W90: =VALUE(IF($D90="poš",$C90,0))+VALUE(IF($H90="poš",$G90,0)) -> 0 | X90: =VALUE(IF($D90="tel",$C90,0))+VALUE(IF($H90="tel",$G90,0)) -> 0 | Y90: =VALUE(IF($D90="dop",$C90,0))+VALUE(IF($H90="dop",$G90,0)) -> 0 | Z90: =VALUE(IF($D90="nák",$C90,0))+VALUE(IF($H90="nák",$G90,0)) -> 0 | AA90: =VALUE(IF($D90="náj",$C90,0))+VALUE(IF($H90="náj",$G90,0)) -> 0 | AB90: =VALUE(IF($D90="půj",$C90,0))+VALUE(IF($H90="půj",$G90,0)) -> 0 | AC90: =VALUE(IF($D90="vst",$C90,0))+VALUE(IF($H90="vst",$G90,0)) -> 0 | AD90: =VALUE(IF($D90="kop",$C90,0))+VALUE(IF($H90="kop",$G90,0)) -> 0 | AE90: =VALUE(IF($D90="osl",$C90,0))+VALUE(IF($H90="osl",$G90,0)) -> 0 | AF90: =VALUE(IF($D90="vra",$C90,0))+VALUE(IF($H90="vra",$G90,0)) -> 0 | AG90: =VALUE(IF($D90="zho",$C90,0))+VALUE(IF($H90="zho",$G90,0)) -> 0 | AH90: =VALUE(IF($D90="zbú",$C90,0))+VALUE(IF($H90="zbú",$G90,0)) -> 0 | AI90: =VALUE(IF($D90="pří",$C90,0))+VALUE(IF($H90="pří",$G90,0)) -> 0 | AJ90: =VALUE(IF($D90="dot",$C90,0))+VALUE(IF($H90="dot",$G90,0)) -> 0 | AK90: =VALUE(IF($D90="opř",$C90,0))+VALUE(IF($H90="opř",$G90,0)) -> 0 | AL90: =SUM(P90:AK90) -> 0 | AN90: =CONCATENATE('Přehled akce'!$K$4," / ",'Přehled akce'!$K$5) -> / | AO90: =IF('Příjmy a výdaje'!$G90="ano",'Příjmy a výdaje'!$B90,0) -> 0 | AP90: =IF('Příjmy a výdaje'!$G90="ano",'Příjmy a výdaje'!$C90,0) -> 0 | AQ90: ='Příjmy a výdaje'!$AP90 -> 0
... A117: 103 | J117: =IF(AL117=C117,IF(AL117=0,"-","ok"),"chyba") -> - | P117: =VALUE(IF($D117="vyb",$C117,0))+VALUE(IF($H117="vyb",$G117,0)) -> 0 | Q117: =VALUE(IF($D117="mtv",$C117,0))+VALUE(IF($H117="mtv",$G117,0)) -> 0 | R117: =VALUE(IF($D117="mat",$C117,0))+VALUE(IF($H117="mat",$G117,0)) -> 0 | S117: =VALUE(IF($D117="pot",$C117,0))+VALUE(IF($H117="pot",$G117,0)) -> 0 | T117: =VALUE(IF($D117="táb",$C117,0))+VALUE(IF($H117="táb",$G117,0)) -> 0 | U117: =VALUE(IF($D117="oma",$C117,0))+VALUE(IF($H117="oma",$G117,0)) -> 0 | V117: =VALUE(IF($D117="ces",$C117,0))+VALUE(IF($H117="ces",$G117,0)) -> 0 | W117: =VALUE(IF($D117="poš",$C117,0))+VALUE(IF($H117="poš",$G117,0)) -> 0 | X117: =VALUE(IF($D117="tel",$C117,0))+VALUE(IF($H117="tel",$G117,0)) -> 0 | Y117: =VALUE(IF($D117="dop",$C117,0))+VALUE(IF($H117="dop",$G117,0)) -> 0 | Z117: =VALUE(IF($D117="nák",$C117,0))+VALUE(IF($H117="nák",$G117,0)) -> 0 | AA117: =VALUE(IF($D117="náj",$C117,0))+VALUE(IF($H117="náj",$G117,0)) -> 0 | AB117: =VALUE(IF($D117="půj",$C117,0))+VALUE(IF($H117="půj",$G117,0)) -> 0 | AC117: =VALUE(IF($D117="vst",$C117,0))+VALUE(IF($H117="vst",$G117,0)) -> 0 | AD117: =VALUE(IF($D117="kop",$C117,0))+VALUE(IF($H117="kop",$G117,0)) -> 0 | AE117: =VALUE(IF($D117="osl",$C117,0))+VALUE(IF($H117="osl",$G117,0)) -> 0 | AF117: =VALUE(IF($D117="vra",$C117,0))+VALUE(IF($H117="vra",$G117,0)) -> 0 | AG117: =VALUE(IF($D117="zho",$C117,0))+VALUE(IF($H117="zho",$G117,0)) -> 0 | AH117: =VALUE(IF($D117="zbú",$C117,0))+VALUE(IF($H117="zbú",$G117,0)) -> 0 | AI117: =VALUE(IF($D117="pří",$C117,0))+VALUE(IF($H117="pří",$G117,0)) -> 0 | AJ117: =VALUE(IF($D117="dot",$C117,0))+VALUE(IF($H117="dot",$G117,0)) -> 0 | AK117: =VALUE(IF($D117="opř",$C117,0))+VALUE(IF($H117="opř",$G117,0)) -> 0 | AL117: =SUM(P117:AK117) -> 0 | AN117: =CONCATENATE('Přehled akce'!$K$4," / ",'Přehled akce'!$K$5) -> / | AO117: =IF('Příjmy a výdaje'!$G117="ano",'Příjmy a výdaje'!$B117,0) -> 0 | AP117: =IF('Příjmy a výdaje'!$G117="ano",'Příjmy a výdaje'!$C117,0) -> 0 | AQ117: ='Příjmy a výdaje'!$AP117 -> 0
P118: =VALUE(IF($D118="vyb",$C118,0))+VALUE(IF($H118="vyb",$G118,0)) -> 0 | Q118: =VALUE(IF($D118="mtv",$C118,0))+VALUE(IF($H118="mtv",$G118,0)) -> 0 | R118: =VALUE(IF($D118="mat",$C118,0))+VALUE(IF($H118="mat",$G118,0)) -> 0 | S118: =VALUE(IF($D118="pot",$C118,0))+VALUE(IF($H118="pot",$G118,0)) -> 0 | T118: =VALUE(IF($D118="táb",$C118,0))+VALUE(IF($H118="táb",$G118,0)) -> 0 | U118: =VALUE(IF($D118="oma",$C118,0))+VALUE(IF($H118="oma",$G118,0)) -> 0 | V118: =VALUE(IF($D118="ces",$C118,0))+VALUE(IF($H118="ces",$G118,0)) -> 0 | W118: =VALUE(IF($D118="poš",$C118,0))+VALUE(IF($H118="poš",$G118,0)) -> 0 | X118: =VALUE(IF($D118="tel",$C118,0))+VALUE(IF($H118="tel",$G118,0)) -> 0 | Y118: =VALUE(IF($D118="dop",$C118,0))+VALUE(IF($H118="dop",$G118,0)) -> 0 | Z118: =VALUE(IF($D118="nák",$C118,0))+VALUE(IF($H118="nák",$G118,0)) -> 0 | AA118: =VALUE(IF($D118="náj",$C118,0))+VALUE(IF($H118="náj",$G118,0)) -> 0 | AB118: =VALUE(IF($D118="půj",$C118,0))+VALUE(IF($H118="půj",$G118,0)) -> 0 | AC118: =VALUE(IF($D118="vst",$C118,0))+VALUE(IF($H118="vst",$G118,0)) -> 0 | AD118: =VALUE(IF($D118="kop",$C118,0))+VALUE(IF($H118="kop",$G118,0)) -> 0 | AE118: =VALUE(IF($D118="osl",$C118,0))+VALUE(IF($H118="osl",$G118,0)) -> 0 | AF118: =VALUE(IF($D118="vra",$C118,0))+VALUE(IF($H118="vra",$G118,0)) -> 0 | AG118: =VALUE(IF($D118="zho",$C118,0))+VALUE(IF($H118="zho",$G118,0)) -> 0 | AH118: =VALUE(IF($D118="zbú",$C118,0))+VALUE(IF($H118="zbú",$G118,0)) -> 0 | AI118: =VALUE(IF($D118="pří",$C118,0))+VALUE(IF($H118="pří",$G118,0)) -> 0 | AJ118: =VALUE(IF($D118="dot",$C118,0))+VALUE(IF($H118="dot",$G118,0)) -> 0 | AK118: =VALUE(IF($D118="opř",$C118,0))+VALUE(IF($H118="opř",$G118,0)) -> 0 | AL118: =SUM(P118:AK118) -> 0
B119: HOTOVOSTNÍ VÝDAJE - 2 | P119: =VALUE(IF($D119="vyb",$C119,0))+VALUE(IF($H119="vyb",$G119,0)) -> 0 | Q119: =VALUE(IF($D119="mtv",$C119,0))+VALUE(IF($H119="mtv",$G119,0)) -> 0 | R119: =VALUE(IF($D119="mat",$C119,0))+VALUE(IF($H119="mat",$G119,0)) -> 0 | S119: =VALUE(IF($D119="pot",$C119,0))+VALUE(IF($H119="pot",$G119,0)) -> 0 | T119: =VALUE(IF($D119="táb",$C119,0))+VALUE(IF($H119="táb",$G119,0)) -> 0 | U119: =VALUE(IF($D119="oma",$C119,0))+VALUE(IF($H119="oma",$G119,0)) -> 0 | V119: =VALUE(IF($D119="ces",$C119,0))+VALUE(IF($H119="ces",$G119,0)) -> 0 | W119: =VALUE(IF($D119="poš",$C119,0))+VALUE(IF($H119="poš",$G119,0)) -> 0 | X119: =VALUE(IF($D119="tel",$C119,0))+VALUE(IF($H119="tel",$G119,0)) -> 0 | Y119: =VALUE(IF($D119="dop",$C119,0))+VALUE(IF($H119="dop",$G119,0)) -> 0 | Z119: =VALUE(IF($D119="nák",$C119,0))+VALUE(IF($H119="nák",$G119,0)) -> 0 | AA119: =VALUE(IF($D119="náj",$C119,0))+VALUE(IF($H119="náj",$G119,0)) -> 0 | AB119: =VALUE(IF($D119="půj",$C119,0))+VALUE(IF($H119="půj",$G119,0)) -> 0 | AC119: =VALUE(IF($D119="vst",$C119,0))+VALUE(IF($H119="vst",$G119,0)) -> 0 | AD119: =VALUE(IF($D119="kop",$C119,0))+VALUE(IF($H119="kop",$G119,0)) -> 0 | AE119: =VALUE(IF($D119="osl",$C119,0))+VALUE(IF($H119="osl",$G119,0)) -> 0 | AF119: =VALUE(IF($D119="vra",$C119,0))+VALUE(IF($H119="vra",$G119,0)) -> 0 | AG119: =VALUE(IF($D119="zho",$C119,0))+VALUE(IF($H119="zho",$G119,0)) -> 0 | AH119: =VALUE(IF($D119="zbú",$C119,0))+VALUE(IF($H119="zbú",$G119,0)) -> 0 | AI119: =VALUE(IF($D119="pří",$C119,0))+VALUE(IF($H119="pří",$G119,0)) -> 0 | AJ119: =VALUE(IF($D119="dot",$C119,0))+VALUE(IF($H119="dot",$G119,0)) -> 0 | AK119: =VALUE(IF($D119="opř",$C119,0))+VALUE(IF($H119="opř",$G119,0)) -> 0
B120: Položka | C120: Částka | D120: Kód | E120: Datum platby | F120: Poznámka | G120: Dotováno | J120: Kontrola | P120: =VALUE(IF($D120="vyb",$C120,0))+VALUE(IF($H120="vyb",$G120,0)) -> 0 | Q120: =VALUE(IF($D120="mtv",$C120,0))+VALUE(IF($H120="mtv",$G120,0)) -> 0 | R120: =VALUE(IF($D120="mat",$C120,0))+VALUE(IF($H120="mat",$G120,0)) -> 0 | S120: =VALUE(IF($D120="pot",$C120,0))+VALUE(IF($H120="pot",$G120,0)) -> 0 | T120: =VALUE(IF($D120="táb",$C120,0))+VALUE(IF($H120="táb",$G120,0)) -> 0 | U120: =VALUE(IF($D120="oma",$C120,0))+VALUE(IF($H120="oma",$G120,0)) -> 0 | V120: =VALUE(IF($D120="ces",$C120,0))+VALUE(IF($H120="ces",$G120,0)) -> 0 | W120: =VALUE(IF($D120="poš",$C120,0))+VALUE(IF($H120="poš",$G120,0)) -> 0 | X120: =VALUE(IF($D120="tel",$C120,0))+VALUE(IF($H120="tel",$G120,0)) -> 0 | Y120: =VALUE(IF($D120="dop",$C120,0))+VALUE(IF($H120="dop",$G120,0)) -> 0 | Z120: =VALUE(IF($D120="nák",$C120,0))+VALUE(IF($H120="nák",$G120,0)) -> 0 | AA120: =VALUE(IF($D120="náj",$C120,0))+VALUE(IF($H120="náj",$G120,0)) -> 0 | AB120: =VALUE(IF($D120="půj",$C120,0))+VALUE(IF($H120="půj",$G120,0)) -> 0 | AC120: =VALUE(IF($D120="vst",$C120,0))+VALUE(IF($H120="vst",$G120,0)) -> 0 | AD120: =VALUE(IF($D120="kop",$C120,0))+VALUE(IF($H120="kop",$G120,0)) -> 0 | AE120: =VALUE(IF($D120="osl",$C120,0))+VALUE(IF($H120="osl",$G120,0)) -> 0 | AF120: =VALUE(IF($D120="vra",$C120,0))+VALUE(IF($H120="vra",$G120,0)) -> 0 | AG120: =VALUE(IF($D120="zho",$C120,0))+VALUE(IF($H120="zho",$G120,0)) -> 0 | AH120: =VALUE(IF($D120="zbú",$C120,0))+VALUE(IF($H120="zbú",$G120,0)) -> 0 | AI120: =VALUE(IF($D120="pří",$C120,0))+VALUE(IF($H120="pří",$G120,0)) -> 0 | AJ120: =VALUE(IF($D120="dot",$C120,0))+VALUE(IF($H120="dot",$G120,0)) -> 0 | AK120: =VALUE(IF($D120="opř",$C120,0))+VALUE(IF($H120="opř",$G120,0)) -> 0 | AL120: součet
A121: 104 | J121: =IF(AL121=C121,IF(AL121=0,"-","ok"),"chyba") -> - | P121: =VALUE(IF($D121="vyb",$C121,0))+VALUE(IF($H121="vyb",$G121,0)) -> 0 | Q121: =VALUE(IF($D121="mtv",$C121,0))+VALUE(IF($H121="mtv",$G121,0)) -> 0 | R121: =VALUE(IF($D121="mat",$C121,0))+VALUE(IF($H121="mat",$G121,0)) -> 0 | S121: =VALUE(IF($D121="pot",$C121,0))+VALUE(IF($H121="pot",$G121,0)) -> 0 | T121: =VALUE(IF($D121="táb",$C121,0))+VALUE(IF($H121="táb",$G121,0)) -> 0 | U121: =VALUE(IF($D121="oma",$C121,0))+VALUE(IF($H121="oma",$G121,0)) -> 0 | V121: =VALUE(IF($D121="ces",$C121,0))+VALUE(IF($H121="ces",$G121,0)) -> 0 | W121: =VALUE(IF($D121="poš",$C121,0))+VALUE(IF($H121="poš",$G121,0)) -> 0 | X121: =VALUE(IF($D121="tel",$C121,0))+VALUE(IF($H121="tel",$G121,0)) -> 0 | Y121: =VALUE(IF($D121="dop",$C121,0))+VALUE(IF($H121="dop",$G121,0)) -> 0 | Z121: =VALUE(IF($D121="nák",$C121,0))+VALUE(IF($H121="nák",$G121,0)) -> 0 | AA121: =VALUE(IF($D121="náj",$C121,0))+VALUE(IF($H121="náj",$G121,0)) -> 0 | AB121: =VALUE(IF($D121="půj",$C121,0))+VALUE(IF($H121="půj",$G121,0)) -> 0 | AC121: =VALUE(IF($D121="vst",$C121,0))+VALUE(IF($H121="vst",$G121,0)) -> 0 | AD121: =VALUE(IF($D121="kop",$C121,0))+VALUE(IF($H121="kop",$G121,0)) -> 0 | AE121: =VALUE(IF($D121="osl",$C121,0))+VALUE(IF($H121="osl",$G121,0)) -> 0 | AF121: =VALUE(IF($D121="vra",$C121,0))+VALUE(IF($H121="vra",$G121,0)) -> 0 | AG121: =VALUE(IF($D121="zho",$C121,0))+VALUE(IF($H121="zho",$G121,0)) -> 0 | AH121: =VALUE(IF($D121="zbú",$C121,0))+VALUE(IF($H121="zbú",$G121,0)) -> 0 | AI121: =VALUE(IF($D121="pří",$C121,0))+VALUE(IF($H121="pří",$G121,0)) -> 0 | AJ121: =VALUE(IF($D121="dot",$C121,0))+VALUE(IF($H121="dot",$G121,0)) -> 0 | AK121: =VALUE(IF($D121="opř",$C121,0))+VALUE(IF($H121="opř",$G121,0)) -> 0 | AL121: =SUM(P121:AK121) -> 0 | AN121: =CONCATENATE('Přehled akce'!$K$4," / ",'Přehled akce'!$K$5) -> / | AO121: =IF('Příjmy a výdaje'!$G121="ano",'Příjmy a výdaje'!$B121,0) -> 0 | AP121: =IF('Příjmy a výdaje'!$G121="ano",'Příjmy a výdaje'!$C121,0) -> 0 | AQ121: ='Příjmy a výdaje'!$AP121 -> 0
A122: 105 | J122: =IF(AL122=C122,IF(AL122=0,"-","ok"),"chyba") -> - | P122: =VALUE(IF($D122="vyb",$C122,0))+VALUE(IF($H122="vyb",$G122,0)) -> 0 | Q122: =VALUE(IF($D122="mtv",$C122,0))+VALUE(IF($H122="mtv",$G122,0)) -> 0 | R122: =VALUE(IF($D122="mat",$C122,0))+VALUE(IF($H122="mat",$G122,0)) -> 0 | S122: =VALUE(IF($D122="pot",$C122,0))+VALUE(IF($H122="pot",$G122,0)) -> 0 | T122: =VALUE(IF($D122="táb",$C122,0))+VALUE(IF($H122="táb",$G122,0)) -> 0 | U122: =VALUE(IF($D122="oma",$C122,0))+VALUE(IF($H122="oma",$G122,0)) -> 0 | V122: =VALUE(IF($D122="ces",$C122,0))+VALUE(IF($H122="ces",$G122,0)) -> 0 | W122: =VALUE(IF($D122="poš",$C122,0))+VALUE(IF($H122="poš",$G122,0)) -> 0 | X122: =VALUE(IF($D122="tel",$C122,0))+VALUE(IF($H122="tel",$G122,0)) -> 0 | Y122: =VALUE(IF($D122="dop",$C122,0))+VALUE(IF($H122="dop",$G122,0)) -> 0 | Z122: =VALUE(IF($D122="nák",$C122,0))+VALUE(IF($H122="nák",$G122,0)) -> 0 | AA122: =VALUE(IF($D122="náj",$C122,0))+VALUE(IF($H122="náj",$G122,0)) -> 0 | AB122: =VALUE(IF($D122="půj",$C122,0))+VALUE(IF($H122="půj",$G122,0)) -> 0 | AC122: =VALUE(IF($D122="vst",$C122,0))+VALUE(IF($H122="vst",$G122,0)) -> 0 | AD122: =VALUE(IF($D122="kop",$C122,0))+VALUE(IF($H122="kop",$G122,0)) -> 0 | AE122: =VALUE(IF($D122="osl",$C122,0))+VALUE(IF($H122="osl",$G122,0)) -> 0 | AF122: =VALUE(IF($D122="vra",$C122,0))+VALUE(IF($H122="vra",$G122,0)) -> 0 | AG122: =VALUE(IF($D122="zho",$C122,0))+VALUE(IF($H122="zho",$G122,0)) -> 0 | AH122: =VALUE(IF($D122="zbú",$C122,0))+VALUE(IF($H122="zbú",$G122,0)) -> 0 | AI122: =VALUE(IF($D122="pří",$C122,0))+VALUE(IF($H122="pří",$G122,0)) -> 0 | AJ122: =VALUE(IF($D122="dot",$C122,0))+VALUE(IF($H122="dot",$G122,0)) -> 0 | AK122: =VALUE(IF($D122="opř",$C122,0))+VALUE(IF($H122="opř",$G122,0)) -> 0 | AL122: =SUM(P122:AK122) -> 0 | AN122: =CONCATENATE('Přehled akce'!$K$4," / ",'Přehled akce'!$K$5) -> / | AO122: =IF('Příjmy a výdaje'!$G122="ano",'Příjmy a výdaje'!$B122,0) -> 0 | AP122: =IF('Příjmy a výdaje'!$G122="ano",'Příjmy a výdaje'!$C122,0) -> 0 | AQ122: ='Příjmy a výdaje'!$AP122 -> 0
A123: 106 | J123: =IF(AL123=C123,IF(AL123=0,"-","ok"),"chyba") -> - | P123: =VALUE(IF($D123="vyb",$C123,0))+VALUE(IF($H123="vyb",$G123,0)) -> 0 | Q123: =VALUE(IF($D123="mtv",$C123,0))+VALUE(IF($H123="mtv",$G123,0)) -> 0 | R123: =VALUE(IF($D123="mat",$C123,0))+VALUE(IF($H123="mat",$G123,0)) -> 0 | S123: =VALUE(IF($D123="pot",$C123,0))+VALUE(IF($H123="pot",$G123,0)) -> 0 | T123: =VALUE(IF($D123="táb",$C123,0))+VALUE(IF($H123="táb",$G123,0)) -> 0 | U123: =VALUE(IF($D123="oma",$C123,0))+VALUE(IF($H123="oma",$G123,0)) -> 0 | V123: =VALUE(IF($D123="ces",$C123,0))+VALUE(IF($H123="ces",$G123,0)) -> 0 | W123: =VALUE(IF($D123="poš",$C123,0))+VALUE(IF($H123="poš",$G123,0)) -> 0 | X123: =VALUE(IF($D123="tel",$C123,0))+VALUE(IF($H123="tel",$G123,0)) -> 0 | Y123: =VALUE(IF($D123="dop",$C123,0))+VALUE(IF($H123="dop",$G123,0)) -> 0 | Z123: =VALUE(IF($D123="nák",$C123,0))+VALUE(IF($H123="nák",$G123,0)) -> 0 | AA123: =VALUE(IF($D123="náj",$C123,0))+VALUE(IF($H123="náj",$G123,0)) -> 0 | AB123: =VALUE(IF($D123="půj",$C123,0))+VALUE(IF($H123="půj",$G123,0)) -> 0 | AC123: =VALUE(IF($D123="vst",$C123,0))+VALUE(IF($H123="vst",$G123,0)) -> 0 | AD123: =VALUE(IF($D123="kop",$C123,0))+VALUE(IF($H123="kop",$G123,0)) -> 0 | AE123: =VALUE(IF($D123="osl",$C123,0))+VALUE(IF($H123="osl",$G123,0)) -> 0 | AF123: =VALUE(IF($D123="vra",$C123,0))+VALUE(IF($H123="vra",$G123,0)) -> 0 | AG123: =VALUE(IF($D123="zho",$C123,0))+VALUE(IF($H123="zho",$G123,0)) -> 0 | AH123: =VALUE(IF($D123="zbú",$C123,0))+VALUE(IF($H123="zbú",$G123,0)) -> 0 | AI123: =VALUE(IF($D123="pří",$C123,0))+VALUE(IF($H123="pří",$G123,0)) -> 0 | AJ123: =VALUE(IF($D123="dot",$C123,0))+VALUE(IF($H123="dot",$G123,0)) -> 0 | AK123: =VALUE(IF($D123="opř",$C123,0))+VALUE(IF($H123="opř",$G123,0)) -> 0 | AL123: =SUM(P123:AK123) -> 0 | AN123: =CONCATENATE('Přehled akce'!$K$4," / ",'Přehled akce'!$K$5) -> / | AO123: =IF('Příjmy a výdaje'!$G123="ano",'Příjmy a výdaje'!$B123,0) -> 0 | AP123: =IF('Příjmy a výdaje'!$G123="ano",'Příjmy a výdaje'!$C123,0) -> 0 | AQ123: ='Příjmy a výdaje'!$AP123 -> 0
A124: 107 | J124: =IF(AL124=C124,IF(AL124=0,"-","ok"),"chyba") -> - | P124: =VALUE(IF($D124="vyb",$C124,0))+VALUE(IF($H124="vyb",$G124,0)) -> 0 | Q124: =VALUE(IF($D124="mtv",$C124,0))+VALUE(IF($H124="mtv",$G124,0)) -> 0 | R124: =VALUE(IF($D124="mat",$C124,0))+VALUE(IF($H124="mat",$G124,0)) -> 0 | S124: =VALUE(IF($D124="pot",$C124,0))+VALUE(IF($H124="pot",$G124,0)) -> 0 | T124: =VALUE(IF($D124="táb",$C124,0))+VALUE(IF($H124="táb",$G124,0)) -> 0 | U124: =VALUE(IF($D124="oma",$C124,0))+VALUE(IF($H124="oma",$G124,0)) -> 0 | V124: =VALUE(IF($D124="ces",$C124,0))+VALUE(IF($H124="ces",$G124,0)) -> 0 | W124: =VALUE(IF($D124="poš",$C124,0))+VALUE(IF($H124="poš",$G124,0)) -> 0 | X124: =VALUE(IF($D124="tel",$C124,0))+VALUE(IF($H124="tel",$G124,0)) -> 0 | Y124: =VALUE(IF($D124="dop",$C124,0))+VALUE(IF($H124="dop",$G124,0)) -> 0 | Z124: =VALUE(IF($D124="nák",$C124,0))+VALUE(IF($H124="nák",$G124,0)) -> 0 | AA124: =VALUE(IF($D124="náj",$C124,0))+VALUE(IF($H124="náj",$G124,0)) -> 0 | AB124: =VALUE(IF($D124="půj",$C124,0))+VALUE(IF($H124="půj",$G124,0)) -> 0 | AC124: =VALUE(IF($D124="vst",$C124,0))+VALUE(IF($H124="vst",$G124,0)) -> 0 | AD124: =VALUE(IF($D124="kop",$C124,0))+VALUE(IF($H124="kop",$G124,0)) -> 0 | AE124: =VALUE(IF($D124="osl",$C124,0))+VALUE(IF($H124="osl",$G124,0)) -> 0 | AF124: =VALUE(IF($D124="vra",$C124,0))+VALUE(IF($H124="vra",$G124,0)) -> 0 | AG124: =VALUE(IF($D124="zho",$C124,0))+VALUE(IF($H124="zho",$G124,0)) -> 0 | AH124: =VALUE(IF($D124="zbú",$C124,0))+VALUE(IF($H124="zbú",$G124,0)) -> 0 | AI124: =VALUE(IF($D124="pří",$C124,0))+VALUE(IF($H124="pří",$G124,0)) -> 0 | AJ124: =VALUE(IF($D124="dot",$C124,0))+VALUE(IF($H124="dot",$G124,0)) -> 0 | AK124: =VALUE(IF($D124="opř",$C124,0))+VALUE(IF($H124="opř",$G124,0)) -> 0 | AL124: =SUM(P124:AK124) -> 0 | AN124: =CONCATENATE('Přehled akce'!$K$4," / ",'Přehled akce'!$K$5) -> / | AO124: =IF('Příjmy a výdaje'!$G124="ano",'Příjmy a výdaje'!$B124,0) -> 0 | AP124: =IF('Příjmy a výdaje'!$G124="ano",'Příjmy a výdaje'!$C124,0) -> 0 | AQ124: ='Příjmy a výdaje'!$AP124 -> 0
A125: 108 | J125: =IF(AL125=C125,IF(AL125=0,"-","ok"),"chyba") -> - | P125: =VALUE(IF($D125="vyb",$C125,0))+VALUE(IF($H125="vyb",$G125,0)) -> 0 | Q125: =VALUE(IF($D125="mtv",$C125,0))+VALUE(IF($H125="mtv",$G125,0)) -> 0 | R125: =VALUE(IF($D125="mat",$C125,0))+VALUE(IF($H125="mat",$G125,0)) -> 0 | S125: =VALUE(IF($D125="pot",$C125,0))+VALUE(IF($H125="pot",$G125,0)) -> 0 | T125: =VALUE(IF($D125="táb",$C125,0))+VALUE(IF($H125="táb",$G125,0)) -> 0 | U125: =VALUE(IF($D125="oma",$C125,0))+VALUE(IF($H125="oma",$G125,0)) -> 0 | V125: =VALUE(IF($D125="ces",$C125,0))+VALUE(IF($H125="ces",$G125,0)) -> 0 | W125: =VALUE(IF($D125="poš",$C125,0))+VALUE(IF($H125="poš",$G125,0)) -> 0 | X125: =VALUE(IF($D125="tel",$C125,0))+VALUE(IF($H125="tel",$G125,0)) -> 0 | Y125: =VALUE(IF($D125="dop",$C125,0))+VALUE(IF($H125="dop",$G125,0)) -> 0 | Z125: =VALUE(IF($D125="nák",$C125,0))+VALUE(IF($H125="nák",$G125,0)) -> 0 | AA125: =VALUE(IF($D125="náj",$C125,0))+VALUE(IF($H125="náj",$G125,0)) -> 0 | AB125: =VALUE(IF($D125="půj",$C125,0))+VALUE(IF($H125="půj",$G125,0)) -> 0 | AC125: =VALUE(IF($D125="vst",$C125,0))+VALUE(IF($H125="vst",$G125,0)) -> 0 | AD125: =VALUE(IF($D125="kop",$C125,0))+VALUE(IF($H125="kop",$G125,0)) -> 0 | AE125: =VALUE(IF($D125="osl",$C125,0))+VALUE(IF($H125="osl",$G125,0)) -> 0 | AF125: =VALUE(IF($D125="vra",$C125,0))+VALUE(IF($H125="vra",$G125,0)) -> 0 | AG125: =VALUE(IF($D125="zho",$C125,0))+VALUE(IF($H125="zho",$G125,0)) -> 0 | AH125: =VALUE(IF($D125="zbú",$C125,0))+VALUE(IF($H125="zbú",$G125,0)) -> 0 | AI125: =VALUE(IF($D125="pří",$C125,0))+VALUE(IF($H125="pří",$G125,0)) -> 0 | AJ125: =VALUE(IF($D125="dot",$C125,0))+VALUE(IF($H125="dot",$G125,0)) -> 0 | AK125: =VALUE(IF($D125="opř",$C125,0))+VALUE(IF($H125="opř",$G125,0)) -> 0 | AL125: =SUM(P125:AK125) -> 0 | AN125: =CONCATENATE('Přehled akce'!$K$4," / ",'Přehled akce'!$K$5) -> / | AO125: =IF('Příjmy a výdaje'!$G125="ano",'Příjmy a výdaje'!$B125,0) -> 0 | AP125: =IF('Příjmy a výdaje'!$G125="ano",'Příjmy a výdaje'!$C125,0) -> 0 | AQ125: ='Příjmy a výdaje'!$AP125 -> 0
A126: 109 | J126: =IF(AL126=C126,IF(AL126=0,"-","ok"),"chyba") -> - | P126: =VALUE(IF($D126="vyb",$C126,0))+VALUE(IF($H126="vyb",$G126,0)) -> 0 | Q126: =VALUE(IF($D126="mtv",$C126,0))+VALUE(IF($H126="mtv",$G126,0)) -> 0 | R126: =VALUE(IF($D126="mat",$C126,0))+VALUE(IF($H126="mat",$G126,0)) -> 0 | S126: =VALUE(IF($D126="pot",$C126,0))+VALUE(IF($H126="pot",$G126,0)) -> 0 | T126: =VALUE(IF($D126="táb",$C126,0))+VALUE(IF($H126="táb",$G126,0)) -> 0 | U126: =VALUE(IF($D126="oma",$C126,0))+VALUE(IF($H126="oma",$G126,0)) -> 0 | V126: =VALUE(IF($D126="ces",$C126,0))+VALUE(IF($H126="ces",$G126,0)) -> 0 | W126: =VALUE(IF($D126="poš",$C126,0))+VALUE(IF($H126="poš",$G126,0)) -> 0 | X126: =VALUE(IF($D126="tel",$C126,0))+VALUE(IF($H126="tel",$G126,0)) -> 0 | Y126: =VALUE(IF($D126="dop",$C126,0))+VALUE(IF($H126="dop",$G126,0)) -> 0 | Z126: =VALUE(IF($D126="nák",$C126,0))+VALUE(IF($H126="nák",$G126,0)) -> 0 | AA126: =VALUE(IF($D126="náj",$C126,0))+VALUE(IF($H126="náj",$G126,0)) -> 0 | AB126: =VALUE(IF($D126="půj",$C126,0))+VALUE(IF($H126="půj",$G126,0)) -> 0 | AC126: =VALUE(IF($D126="vst",$C126,0))+VALUE(IF($H126="vst",$G126,0)) -> 0 | AD126: =VALUE(IF($D126="kop",$C126,0))+VALUE(IF($H126="kop",$G126,0)) -> 0 | AE126: =VALUE(IF($D126="osl",$C126,0))+VALUE(IF($H126="osl",$G126,0)) -> 0 | AF126: =VALUE(IF($D126="vra",$C126,0))+VALUE(IF($H126="vra",$G126,0)) -> 0 | AG126: =VALUE(IF($D126="zho",$C126,0))+VALUE(IF($H126="zho",$G126,0)) -> 0 | AH126: =VALUE(IF($D126="zbú",$C126,0))+VALUE(IF($H126="zbú",$G126,0)) -> 0 | AI126: =VALUE(IF($D126="pří",$C126,0))+VALUE(IF($H126="pří",$G126,0)) -> 0 | AJ126: =VALUE(IF($D126="dot",$C126,0))+VALUE(IF($H126="dot",$G126,0)) -> 0 | AK126: =VALUE(IF($D126="opř",$C126,0))+VALUE(IF($H126="opř",$G126,0)) -> 0 | AL126: =SUM(P126:AK126) -> 0 | AN126: =CONCATENATE('Přehled akce'!$K$4," / ",'Přehled akce'!$K$5) -> / | AO126: =IF('Příjmy a výdaje'!$G126="ano",'Příjmy a výdaje'!$B126,0) -> 0 | AP126: =IF('Příjmy a výdaje'!$G126="ano",'Příjmy a výdaje'!$C126,0) -> 0 | AQ126: ='Příjmy a výdaje'!$AP126 -> 0
A127: 110 | J127: =IF(AL127=C127,IF(AL127=0,"-","ok"),"chyba") -> - | P127: =VALUE(IF($D127="vyb",$C127,0))+VALUE(IF($H127="vyb",$G127,0)) -> 0 | Q127: =VALUE(IF($D127="mtv",$C127,0))+VALUE(IF($H127="mtv",$G127,0)) -> 0 | R127: =VALUE(IF($D127="mat",$C127,0))+VALUE(IF($H127="mat",$G127,0)) -> 0 | S127: =VALUE(IF($D127="pot",$C127,0))+VALUE(IF($H127="pot",$G127,0)) -> 0 | T127: =VALUE(IF($D127="táb",$C127,0))+VALUE(IF($H127="táb",$G127,0)) -> 0 | U127: =VALUE(IF($D127="oma",$C127,0))+VALUE(IF($H127="oma",$G127,0)) -> 0 | V127: =VALUE(IF($D127="ces",$C127,0))+VALUE(IF($H127="ces",$G127,0)) -> 0 | W127: =VALUE(IF($D127="poš",$C127,0))+VALUE(IF($H127="poš",$G127,0)) -> 0 | X127: =VALUE(IF($D127="tel",$C127,0))+VALUE(IF($H127="tel",$G127,0)) -> 0 | Y127: =VALUE(IF($D127="dop",$C127,0))+VALUE(IF($H127="dop",$G127,0)) -> 0 | Z127: =VALUE(IF($D127="nák",$C127,0))+VALUE(IF($H127="nák",$G127,0)) -> 0 | AA127: =VALUE(IF($D127="náj",$C127,0))+VALUE(IF($H127="náj",$G127,0)) -> 0 | AB127: =VALUE(IF($D127="půj",$C127,0))+VALUE(IF($H127="půj",$G127,0)) -> 0 | AC127: =VALUE(IF($D127="vst",$C127,0))+VALUE(IF($H127="vst",$G127,0)) -> 0 | AD127: =VALUE(IF($D127="kop",$C127,0))+VALUE(IF($H127="kop",$G127,0)) -> 0 | AE127: =VALUE(IF($D127="osl",$C127,0))+VALUE(IF($H127="osl",$G127,0)) -> 0 | AF127: =VALUE(IF($D127="vra",$C127,0))+VALUE(IF($H127="vra",$G127,0)) -> 0 | AG127: =VALUE(IF($D127="zho",$C127,0))+VALUE(IF($H127="zho",$G127,0)) -> 0 | AH127: =VALUE(IF($D127="zbú",$C127,0))+VALUE(IF($H127="zbú",$G127,0)) -> 0 | AI127: =VALUE(IF($D127="pří",$C127,0))+VALUE(IF($H127="pří",$G127,0)) -> 0 | AJ127: =VALUE(IF($D127="dot",$C127,0))+VALUE(IF($H127="dot",$G127,0)) -> 0 | AK127: =VALUE(IF($D127="opř",$C127,0))+VALUE(IF($H127="opř",$G127,0)) -> 0 | AL127: =SUM(P127:AK127) -> 0 | AN127: =CONCATENATE('Přehled akce'!$K$4," / ",'Přehled akce'!$K$5) -> / | AO127: =IF('Příjmy a výdaje'!$G127="ano",'Příjmy a výdaje'!$B127,0) -> 0 | AP127: =IF('Příjmy a výdaje'!$G127="ano",'Příjmy a výdaje'!$C127,0) -> 0 | AQ127: ='Příjmy a výdaje'!$AP127 -> 0
A128: 111 | J128: =IF(AL128=C128,IF(AL128=0,"-","ok"),"chyba") -> - | P128: =VALUE(IF($D128="vyb",$C128,0))+VALUE(IF($H128="vyb",$G128,0)) -> 0 | Q128: =VALUE(IF($D128="mtv",$C128,0))+VALUE(IF($H128="mtv",$G128,0)) -> 0 | R128: =VALUE(IF($D128="mat",$C128,0))+VALUE(IF($H128="mat",$G128,0)) -> 0 | S128: =VALUE(IF($D128="pot",$C128,0))+VALUE(IF($H128="pot",$G128,0)) -> 0 | T128: =VALUE(IF($D128="táb",$C128,0))+VALUE(IF($H128="táb",$G128,0)) -> 0 | U128: =VALUE(IF($D128="oma",$C128,0))+VALUE(IF($H128="oma",$G128,0)) -> 0 | V128: =VALUE(IF($D128="ces",$C128,0))+VALUE(IF($H128="ces",$G128,0)) -> 0 | W128: =VALUE(IF($D128="poš",$C128,0))+VALUE(IF($H128="poš",$G128,0)) -> 0 | X128: =VALUE(IF($D128="tel",$C128,0))+VALUE(IF($H128="tel",$G128,0)) -> 0 | Y128: =VALUE(IF($D128="dop",$C128,0))+VALUE(IF($H128="dop",$G128,0)) -> 0 | Z128: =VALUE(IF($D128="nák",$C128,0))+VALUE(IF($H128="nák",$G128,0)) -> 0 | AA128: =VALUE(IF($D128="náj",$C128,0))+VALUE(IF($H128="náj",$G128,0)) -> 0 | AB128: =VALUE(IF($D128="půj",$C128,0))+VALUE(IF($H128="půj",$G128,0)) -> 0 | AC128: =VALUE(IF($D128="vst",$C128,0))+VALUE(IF($H128="vst",$G128,0)) -> 0 | AD128: =VALUE(IF($D128="kop",$C128,0))+VALUE(IF($H128="kop",$G128,0)) -> 0 | AE128: =VALUE(IF($D128="osl",$C128,0))+VALUE(IF($H128="osl",$G128,0)) -> 0 | AF128: =VALUE(IF($D128="vra",$C128,0))+VALUE(IF($H128="vra",$G128,0)) -> 0 | AG128: =VALUE(IF($D128="zho",$C128,0))+VALUE(IF($H128="zho",$G128,0)) -> 0 | AH128: =VALUE(IF($D128="zbú",$C128,0))+VALUE(IF($H128="zbú",$G128,0)) -> 0 | AI128: =VALUE(IF($D128="pří",$C128,0))+VALUE(IF($H128="pří",$G128,0)) -> 0 | AJ128: =VALUE(IF($D128="dot",$C128,0))+VALUE(IF($H128="dot",$G128,0)) -> 0 | AK128: =VALUE(IF($D128="opř",$C128,0))+VALUE(IF($H128="opř",$G128,0)) -> 0 | AL128: =SUM(P128:AK128) -> 0 | AN128: =CONCATENATE('Přehled akce'!$K$4," / ",'Přehled akce'!$K$5) -> / | AO128: =IF('Příjmy a výdaje'!$G128="ano",'Příjmy a výdaje'!$B128,0) -> 0 | AP128: =IF('Příjmy a výdaje'!$G128="ano",'Příjmy a výdaje'!$C128,0) -> 0 | AQ128: ='Příjmy a výdaje'!$AP128 -> 0
A129: 112 | J129: =IF(AL129=C129,IF(AL129=0,"-","ok"),"chyba") -> - | P129: =VALUE(IF($D129="vyb",$C129,0))+VALUE(IF($H129="vyb",$G129,0)) -> 0 | Q129: =VALUE(IF($D129="mtv",$C129,0))+VALUE(IF($H129="mtv",$G129,0)) -> 0 | R129: =VALUE(IF($D129="mat",$C129,0))+VALUE(IF($H129="mat",$G129,0)) -> 0 | S129: =VALUE(IF($D129="pot",$C129,0))+VALUE(IF($H129="pot",$G129,0)) -> 0 | T129: =VALUE(IF($D129="táb",$C129,0))+VALUE(IF($H129="táb",$G129,0)) -> 0 | U129: =VALUE(IF($D129="oma",$C129,0))+VALUE(IF($H129="oma",$G129,0)) -> 0 | V129: =VALUE(IF($D129="ces",$C129,0))+VALUE(IF($H129="ces",$G129,0)) -> 0 | W129: =VALUE(IF($D129="poš",$C129,0))+VALUE(IF($H129="poš",$G129,0)) -> 0 | X129: =VALUE(IF($D129="tel",$C129,0))+VALUE(IF($H129="tel",$G129,0)) -> 0 | Y129: =VALUE(IF($D129="dop",$C129,0))+VALUE(IF($H129="dop",$G129,0)) -> 0 | Z129: =VALUE(IF($D129="nák",$C129,0))+VALUE(IF($H129="nák",$G129,0)) -> 0 | AA129: =VALUE(IF($D129="náj",$C129,0))+VALUE(IF($H129="náj",$G129,0)) -> 0 | AB129: =VALUE(IF($D129="půj",$C129,0))+VALUE(IF($H129="půj",$G129,0)) -> 0 | AC129: =VALUE(IF($D129="vst",$C129,0))+VALUE(IF($H129="vst",$G129,0)) -> 0 | AD129: =VALUE(IF($D129="kop",$C129,0))+VALUE(IF($H129="kop",$G129,0)) -> 0 | AE129: =VALUE(IF($D129="osl",$C129,0))+VALUE(IF($H129="osl",$G129,0)) -> 0 | AF129: =VALUE(IF($D129="vra",$C129,0))+VALUE(IF($H129="vra",$G129,0)) -> 0 | AG129: =VALUE(IF($D129="zho",$C129,0))+VALUE(IF($H129="zho",$G129,0)) -> 0 | AH129: =VALUE(IF($D129="zbú",$C129,0))+VALUE(IF($H129="zbú",$G129,0)) -> 0 | AI129: =VALUE(IF($D129="pří",$C129,0))+VALUE(IF($H129="pří",$G129,0)) -> 0 | AJ129: =VALUE(IF($D129="dot",$C129,0))+VALUE(IF($H129="dot",$G129,0)) -> 0 | AK129: =VALUE(IF($D129="opř",$C129,0))+VALUE(IF($H129="opř",$G129,0)) -> 0 | AL129: =SUM(P129:AK129) -> 0 | AN129: =CONCATENATE('Přehled akce'!$K$4," / ",'Přehled akce'!$K$5) -> / | AO129: =IF('Příjmy a výdaje'!$G129="ano",'Příjmy a výdaje'!$B129,0) -> 0 | AP129: =IF('Příjmy a výdaje'!$G129="ano",'Příjmy a výdaje'!$C129,0) -> 0 | AQ129: ='Příjmy a výdaje'!$AP129 -> 0
A130: 113 | J130: =IF(AL130=C130,IF(AL130=0,"-","ok"),"chyba") -> - | P130: =VALUE(IF($D130="vyb",$C130,0))+VALUE(IF($H130="vyb",$G130,0)) -> 0 | Q130: =VALUE(IF($D130="mtv",$C130,0))+VALUE(IF($H130="mtv",$G130,0)) -> 0 | R130: =VALUE(IF($D130="mat",$C130,0))+VALUE(IF($H130="mat",$G130,0)) -> 0 | S130: =VALUE(IF($D130="pot",$C130,0))+VALUE(IF($H130="pot",$G130,0)) -> 0 | T130: =VALUE(IF($D130="táb",$C130,0))+VALUE(IF($H130="táb",$G130,0)) -> 0 | U130: =VALUE(IF($D130="oma",$C130,0))+VALUE(IF($H130="oma",$G130,0)) -> 0 | V130: =VALUE(IF($D130="ces",$C130,0))+VALUE(IF($H130="ces",$G130,0)) -> 0 | W130: =VALUE(IF($D130="poš",$C130,0))+VALUE(IF($H130="poš",$G130,0)) -> 0 | X130: =VALUE(IF($D130="tel",$C130,0))+VALUE(IF($H130="tel",$G130,0)) -> 0 | Y130: =VALUE(IF($D130="dop",$C130,0))+VALUE(IF($H130="dop",$G130,0)) -> 0 | Z130: =VALUE(IF($D130="nák",$C130,0))+VALUE(IF($H130="nák",$G130,0)) -> 0 | AA130: =VALUE(IF($D130="náj",$C130,0))+VALUE(IF($H130="náj",$G130,0)) -> 0 | AB130: =VALUE(IF($D130="půj",$C130,0))+VALUE(IF($H130="půj",$G130,0)) -> 0 | AC130: =VALUE(IF($D130="vst",$C130,0))+VALUE(IF($H130="vst",$G130,0)) -> 0 | AD130: =VALUE(IF($D130="kop",$C130,0))+VALUE(IF($H130="kop",$G130,0)) -> 0 | AE130: =VALUE(IF($D130="osl",$C130,0))+VALUE(IF($H130="osl",$G130,0)) -> 0 | AF130: =VALUE(IF($D130="vra",$C130,0))+VALUE(IF($H130="vra",$G130,0)) -> 0 | AG130: =VALUE(IF($D130="zho",$C130,0))+VALUE(IF($H130="zho",$G130,0)) -> 0 | AH130: =VALUE(IF($D130="zbú",$C130,0))+VALUE(IF($H130="zbú",$G130,0)) -> 0 | AI130: =VALUE(IF($D130="pří",$C130,0))+VALUE(IF($H130="pří",$G130,0)) -> 0 | AJ130: =VALUE(IF($D130="dot",$C130,0))+VALUE(IF($H130="dot",$G130,0)) -> 0 | AK130: =VALUE(IF($D130="opř",$C130,0))+VALUE(IF($H130="opř",$G130,0)) -> 0 | AL130: =SUM(P130:AK130) -> 0 | AN130: =CONCATENATE('Přehled akce'!$K$4," / ",'Přehled akce'!$K$5) -> / | AO130: =IF('Příjmy a výdaje'!$G130="ano",'Příjmy a výdaje'!$B130,0) -> 0 | AP130: =IF('Příjmy a výdaje'!$G130="ano",'Příjmy a výdaje'!$C130,0) -> 0 | AQ130: ='Příjmy a výdaje'!$AP130 -> 0
A131: 114 | J131: =IF(AL131=C131,IF(AL131=0,"-","ok"),"chyba") -> - | P131: =VALUE(IF($D131="vyb",$C131,0))+VALUE(IF($H131="vyb",$G131,0)) -> 0 | Q131: =VALUE(IF($D131="mtv",$C131,0))+VALUE(IF($H131="mtv",$G131,0)) -> 0 | R131: =VALUE(IF($D131="mat",$C131,0))+VALUE(IF($H131="mat",$G131,0)) -> 0 | S131: =VALUE(IF($D131="pot",$C131,0))+VALUE(IF($H131="pot",$G131,0)) -> 0 | T131: =VALUE(IF($D131="táb",$C131,0))+VALUE(IF($H131="táb",$G131,0)) -> 0 | U131: =VALUE(IF($D131="oma",$C131,0))+VALUE(IF($H131="oma",$G131,0)) -> 0 | V131: =VALUE(IF($D131="ces",$C131,0))+VALUE(IF($H131="ces",$G131,0)) -> 0 | W131: =VALUE(IF($D131="poš",$C131,0))+VALUE(IF($H131="poš",$G131,0)) -> 0 | X131: =VALUE(IF($D131="tel",$C131,0))+VALUE(IF($H131="tel",$G131,0)) -> 0 | Y131: =VALUE(IF($D131="dop",$C131,0))+VALUE(IF($H131="dop",$G131,0)) -> 0 | Z131: =VALUE(IF($D131="nák",$C131,0))+VALUE(IF($H131="nák",$G131,0)) -> 0 | AA131: =VALUE(IF($D131="náj",$C131,0))+VALUE(IF($H131="náj",$G131,0)) -> 0 | AB131: =VALUE(IF($D131="půj",$C131,0))+VALUE(IF($H131="půj",$G131,0)) -> 0 | AC131: =VALUE(IF($D131="vst",$C131,0))+VALUE(IF($H131="vst",$G131,0)) -> 0 | AD131: =VALUE(IF($D131="kop",$C131,0))+VALUE(IF($H131="kop",$G131,0)) -> 0 | AE131: =VALUE(IF($D131="osl",$C131,0))+VALUE(IF($H131="osl",$G131,0)) -> 0 | AF131: =VALUE(IF($D131="vra",$C131,0))+VALUE(IF($H131="vra",$G131,0)) -> 0 | AG131: =VALUE(IF($D131="zho",$C131,0))+VALUE(IF($H131="zho",$G131,0)) -> 0 | AH131: =VALUE(IF($D131="zbú",$C131,0))+VALUE(IF($H131="zbú",$G131,0)) -> 0 | AI131: =VALUE(IF($D131="pří",$C131,0))+VALUE(IF($H131="pří",$G131,0)) -> 0 | AJ131: =VALUE(IF($D131="dot",$C131,0))+VALUE(IF($H131="dot",$G131,0)) -> 0 | AK131: =VALUE(IF($D131="opř",$C131,0))+VALUE(IF($H131="opř",$G131,0)) -> 0 | AL131: =SUM(P131:AK131) -> 0 | AN131: =CONCATENATE('Přehled akce'!$K$4," / ",'Přehled akce'!$K$5) -> / | AO131: =IF('Příjmy a výdaje'!$G131="ano",'Příjmy a výdaje'!$B131,0) -> 0 | AP131: =IF('Příjmy a výdaje'!$G131="ano",'Příjmy a výdaje'!$C131,0) -> 0 | AQ131: ='Příjmy a výdaje'!$AP131 -> 0
A132: 115 | J132: =IF(AL132=C132,IF(AL132=0,"-","ok"),"chyba") -> - | P132: =VALUE(IF($D132="vyb",$C132,0))+VALUE(IF($H132="vyb",$G132,0)) -> 0 | Q132: =VALUE(IF($D132="mtv",$C132,0))+VALUE(IF($H132="mtv",$G132,0)) -> 0 | R132: =VALUE(IF($D132="mat",$C132,0))+VALUE(IF($H132="mat",$G132,0)) -> 0 | S132: =VALUE(IF($D132="pot",$C132,0))+VALUE(IF($H132="pot",$G132,0)) -> 0 | T132: =VALUE(IF($D132="táb",$C132,0))+VALUE(IF($H132="táb",$G132,0)) -> 0 | U132: =VALUE(IF($D132="oma",$C132,0))+VALUE(IF($H132="oma",$G132,0)) -> 0 | V132: =VALUE(IF($D132="ces",$C132,0))+VALUE(IF($H132="ces",$G132,0)) -> 0 | W132: =VALUE(IF($D132="poš",$C132,0))+VALUE(IF($H132="poš",$G132,0)) -> 0 | X132: =VALUE(IF($D132="tel",$C132,0))+VALUE(IF($H132="tel",$G132,0)) -> 0 | Y132: =VALUE(IF($D132="dop",$C132,0))+VALUE(IF($H132="dop",$G132,0)) -> 0 | Z132: =VALUE(IF($D132="nák",$C132,0))+VALUE(IF($H132="nák",$G132,0)) -> 0 | AA132: =VALUE(IF($D132="náj",$C132,0))+VALUE(IF($H132="náj",$G132,0)) -> 0 | AB132: =VALUE(IF($D132="půj",$C132,0))+VALUE(IF($H132="půj",$G132,0)) -> 0 | AC132: =VALUE(IF($D132="vst",$C132,0))+VALUE(IF($H132="vst",$G132,0)) -> 0 | AD132: =VALUE(IF($D132="kop",$C132,0))+VALUE(IF($H132="kop",$G132,0)) -> 0 | AE132: =VALUE(IF($D132="osl",$C132,0))+VALUE(IF($H132="osl",$G132,0)) -> 0 | AF132: =VALUE(IF($D132="vra",$C132,0))+VALUE(IF($H132="vra",$G132,0)) -> 0 | AG132: =VALUE(IF($D132="zho",$C132,0))+VALUE(IF($H132="zho",$G132,0)) -> 0 | AH132: =VALUE(IF($D132="zbú",$C132,0))+VALUE(IF($H132="zbú",$G132,0)) -> 0 | AI132: =VALUE(IF($D132="pří",$C132,0))+VALUE(IF($H132="pří",$G132,0)) -> 0 | AJ132: =VALUE(IF($D132="dot",$C132,0))+VALUE(IF($H132="dot",$G132,0)) -> 0 | AK132: =VALUE(IF($D132="opř",$C132,0))+VALUE(IF($H132="opř",$G132,0)) -> 0 | AL132: =SUM(P132:AK132) -> 0 | AN132: =CONCATENATE('Přehled akce'!$K$4," / ",'Přehled akce'!$K$5) -> / | AO132: =IF('Příjmy a výdaje'!$G132="ano",'Příjmy a výdaje'!$B132,0) -> 0 | AP132: =IF('Příjmy a výdaje'!$G132="ano",'Příjmy a výdaje'!$C132,0) -> 0 | AQ132: ='Příjmy a výdaje'!$AP132 -> 0
... A178: 161 | J178: =IF(AL178=C178,IF(AL178=0,"-","ok"),"chyba") -> - | P178: =VALUE(IF($D178="vyb",$C178,0))+VALUE(IF($H178="vyb",$G178,0)) -> 0 | Q178: =VALUE(IF($D178="mtv",$C178,0))+VALUE(IF($H178="mtv",$G178,0)) -> 0 | R178: =VALUE(IF($D178="mat",$C178,0))+VALUE(IF($H178="mat",$G178,0)) -> 0 | S178: =VALUE(IF($D178="pot",$C178,0))+VALUE(IF($H178="pot",$G178,0)) -> 0 | T178: =VALUE(IF($D178="táb",$C178,0))+VALUE(IF($H178="táb",$G178,0)) -> 0 | U178: =VALUE(IF($D178="oma",$C178,0))+VALUE(IF($H178="oma",$G178,0)) -> 0 | V178: =VALUE(IF($D178="ces",$C178,0))+VALUE(IF($H178="ces",$G178,0)) -> 0 | W178: =VALUE(IF($D178="poš",$C178,0))+VALUE(IF($H178="poš",$G178,0)) -> 0 | X178: =VALUE(IF($D178="tel",$C178,0))+VALUE(IF($H178="tel",$G178,0)) -> 0 | Y178: =VALUE(IF($D178="dop",$C178,0))+VALUE(IF($H178="dop",$G178,0)) -> 0 | Z178: =VALUE(IF($D178="nák",$C178,0))+VALUE(IF($H178="nák",$G178,0)) -> 0 | AA178: =VALUE(IF($D178="náj",$C178,0))+VALUE(IF($H178="náj",$G178,0)) -> 0 | AB178: =VALUE(IF($D178="půj",$C178,0))+VALUE(IF($H178="půj",$G178,0)) -> 0 | AC178: =VALUE(IF($D178="vst",$C178,0))+VALUE(IF($H178="vst",$G178,0)) -> 0 | AD178: =VALUE(IF($D178="kop",$C178,0))+VALUE(IF($H178="kop",$G178,0)) -> 0 | AE178: =VALUE(IF($D178="osl",$C178,0))+VALUE(IF($H178="osl",$G178,0)) -> 0 | AF178: =VALUE(IF($D178="vra",$C178,0))+VALUE(IF($H178="vra",$G178,0)) -> 0 | AG178: =VALUE(IF($D178="zho",$C178,0))+VALUE(IF($H178="zho",$G178,0)) -> 0 | AH178: =VALUE(IF($D178="zbú",$C178,0))+VALUE(IF($H178="zbú",$G178,0)) -> 0 | AI178: =VALUE(IF($D178="pří",$C178,0))+VALUE(IF($H178="pří",$G178,0)) -> 0 | AJ178: =VALUE(IF($D178="dot",$C178,0))+VALUE(IF($H178="dot",$G178,0)) -> 0 | AK178: =VALUE(IF($D178="opř",$C178,0))+VALUE(IF($H178="opř",$G178,0)) -> 0 | AL178: =SUM(P178:AK178) -> 0 | AN178: =CONCATENATE('Přehled akce'!$K$4," / ",'Přehled akce'!$K$5) -> / | AO178: =IF('Příjmy a výdaje'!$G178="ano",'Příjmy a výdaje'!$B178,0) -> 0 | AP178: =IF('Příjmy a výdaje'!$G178="ano",'Příjmy a výdaje'!$C178,0) -> 0 | AQ178: ='Příjmy a výdaje'!$AP178 -> 0
P179: =VALUE(IF($D179="vyb",$C179,0))+VALUE(IF($H179="vyb",$G179,0)) -> 0 | Q179: =VALUE(IF($D179="mtv",$C179,0))+VALUE(IF($H179="mtv",$G179,0)) -> 0 | R179: =VALUE(IF($D179="mat",$C179,0))+VALUE(IF($H179="mat",$G179,0)) -> 0 | S179: =VALUE(IF($D179="pot",$C179,0))+VALUE(IF($H179="pot",$G179,0)) -> 0 | T179: =VALUE(IF($D179="táb",$C179,0))+VALUE(IF($H179="táb",$G179,0)) -> 0 | U179: =VALUE(IF($D179="oma",$C179,0))+VALUE(IF($H179="oma",$G179,0)) -> 0 | V179: =VALUE(IF($D179="ces",$C179,0))+VALUE(IF($H179="ces",$G179,0)) -> 0 | W179: =VALUE(IF($D179="poš",$C179,0))+VALUE(IF($H179="poš",$G179,0)) -> 0 | X179: =VALUE(IF($D179="tel",$C179,0))+VALUE(IF($H179="tel",$G179,0)) -> 0 | Y179: =VALUE(IF($D179="dop",$C179,0))+VALUE(IF($H179="dop",$G179,0)) -> 0 | Z179: =VALUE(IF($D179="nák",$C179,0))+VALUE(IF($H179="nák",$G179,0)) -> 0 | AA179: =VALUE(IF($D179="náj",$C179,0))+VALUE(IF($H179="náj",$G179,0)) -> 0 | AB179: =VALUE(IF($D179="půj",$C179,0))+VALUE(IF($H179="půj",$G179,0)) -> 0 | AC179: =VALUE(IF($D179="vst",$C179,0))+VALUE(IF($H179="vst",$G179,0)) -> 0 | AD179: =VALUE(IF($D179="kop",$C179,0))+VALUE(IF($H179="kop",$G179,0)) -> 0 | AE179: =VALUE(IF($D179="osl",$C179,0))+VALUE(IF($H179="osl",$G179,0)) -> 0 | AF179: =VALUE(IF($D179="vra",$C179,0))+VALUE(IF($H179="vra",$G179,0)) -> 0 | AG179: =VALUE(IF($D179="zho",$C179,0))+VALUE(IF($H179="zho",$G179,0)) -> 0 | AH179: =VALUE(IF($D179="zbú",$C179,0))+VALUE(IF($H179="zbú",$G179,0)) -> 0 | AI179: =VALUE(IF($D179="pří",$C179,0))+VALUE(IF($H179="pří",$G179,0)) -> 0 | AJ179: =VALUE(IF($D179="dot",$C179,0))+VALUE(IF($H179="dot",$G179,0)) -> 0 | AK179: =VALUE(IF($D179="opř",$C179,0))+VALUE(IF($H179="opř",$G179,0)) -> 0 | AL179: =SUM(P179:AK179) -> 0
B180: HOTOVOSTNÍ VÝDAJE - 3 | P180: =VALUE(IF($D180="vyb",$C180,0))+VALUE(IF($H180="vyb",$G180,0)) -> 0 | Q180: =VALUE(IF($D180="mtv",$C180,0))+VALUE(IF($H180="mtv",$G180,0)) -> 0 | R180: =VALUE(IF($D180="mat",$C180,0))+VALUE(IF($H180="mat",$G180,0)) -> 0 | S180: =VALUE(IF($D180="pot",$C180,0))+VALUE(IF($H180="pot",$G180,0)) -> 0 | T180: =VALUE(IF($D180="táb",$C180,0))+VALUE(IF($H180="táb",$G180,0)) -> 0 | U180: =VALUE(IF($D180="oma",$C180,0))+VALUE(IF($H180="oma",$G180,0)) -> 0 | V180: =VALUE(IF($D180="ces",$C180,0))+VALUE(IF($H180="ces",$G180,0)) -> 0 | W180: =VALUE(IF($D180="poš",$C180,0))+VALUE(IF($H180="poš",$G180,0)) -> 0 | X180: =VALUE(IF($D180="tel",$C180,0))+VALUE(IF($H180="tel",$G180,0)) -> 0 | Y180: =VALUE(IF($D180="dop",$C180,0))+VALUE(IF($H180="dop",$G180,0)) -> 0 | Z180: =VALUE(IF($D180="nák",$C180,0))+VALUE(IF($H180="nák",$G180,0)) -> 0 | AA180: =VALUE(IF($D180="náj",$C180,0))+VALUE(IF($H180="náj",$G180,0)) -> 0 | AB180: =VALUE(IF($D180="půj",$C180,0))+VALUE(IF($H180="půj",$G180,0)) -> 0 | AC180: =VALUE(IF($D180="vst",$C180,0))+VALUE(IF($H180="vst",$G180,0)) -> 0 | AD180: =VALUE(IF($D180="kop",$C180,0))+VALUE(IF($H180="kop",$G180,0)) -> 0 | AE180: =VALUE(IF($D180="osl",$C180,0))+VALUE(IF($H180="osl",$G180,0)) -> 0 | AF180: =VALUE(IF($D180="vra",$C180,0))+VALUE(IF($H180="vra",$G180,0)) -> 0 | AG180: =VALUE(IF($D180="zho",$C180,0))+VALUE(IF($H180="zho",$G180,0)) -> 0 | AH180: =VALUE(IF($D180="zbú",$C180,0))+VALUE(IF($H180="zbú",$G180,0)) -> 0 | AI180: =VALUE(IF($D180="pří",$C180,0))+VALUE(IF($H180="pří",$G180,0)) -> 0 | AJ180: =VALUE(IF($D180="dot",$C180,0))+VALUE(IF($H180="dot",$G180,0)) -> 0 | AK180: =VALUE(IF($D180="opř",$C180,0))+VALUE(IF($H180="opř",$G180,0)) -> 0
B181: Položka | C181: Částka | D181: Kód | E181: Datum platby | F181: Poznámka | G181: Dotováno | J181: Kontrola | P181: =VALUE(IF($D181="vyb",$C181,0))+VALUE(IF($H181="vyb",$G181,0)) -> 0 | Q181: =VALUE(IF($D181="mtv",$C181,0))+VALUE(IF($H181="mtv",$G181,0)) -> 0 | R181: =VALUE(IF($D181="mat",$C181,0))+VALUE(IF($H181="mat",$G181,0)) -> 0 | S181: =VALUE(IF($D181="pot",$C181,0))+VALUE(IF($H181="pot",$G181,0)) -> 0 | T181: =VALUE(IF($D181="táb",$C181,0))+VALUE(IF($H181="táb",$G181,0)) -> 0 | U181: =VALUE(IF($D181="oma",$C181,0))+VALUE(IF($H181="oma",$G181,0)) -> 0 | V181: =VALUE(IF($D181="ces",$C181,0))+VALUE(IF($H181="ces",$G181,0)) -> 0 | W181: =VALUE(IF($D181="poš",$C181,0))+VALUE(IF($H181="poš",$G181,0)) -> 0 | X181: =VALUE(IF($D181="tel",$C181,0))+VALUE(IF($H181="tel",$G181,0)) -> 0 | Y181: =VALUE(IF($D181="dop",$C181,0))+VALUE(IF($H181="dop",$G181,0)) -> 0 | Z181: =VALUE(IF($D181="nák",$C181,0))+VALUE(IF($H181="nák",$G181,0)) -> 0 | AA181: =VALUE(IF($D181="náj",$C181,0))+VALUE(IF($H181="náj",$G181,0)) -> 0 | AB181: =VALUE(IF($D181="půj",$C181,0))+VALUE(IF($H181="půj",$G181,0)) -> 0 | AC181: =VALUE(IF($D181="vst",$C181,0))+VALUE(IF($H181="vst",$G181,0)) -> 0 | AD181: =VALUE(IF($D181="kop",$C181,0))+VALUE(IF($H181="kop",$G181,0)) -> 0 | AE181: =VALUE(IF($D181="osl",$C181,0))+VALUE(IF($H181="osl",$G181,0)) -> 0 | AF181: =VALUE(IF($D181="vra",$C181,0))+VALUE(IF($H181="vra",$G181,0)) -> 0 | AG181: =VALUE(IF($D181="zho",$C181,0))+VALUE(IF($H181="zho",$G181,0)) -> 0 | AH181: =VALUE(IF($D181="zbú",$C181,0))+VALUE(IF($H181="zbú",$G181,0)) -> 0 | AI181: =VALUE(IF($D181="pří",$C181,0))+VALUE(IF($H181="pří",$G181,0)) -> 0 | AJ181: =VALUE(IF($D181="dot",$C181,0))+VALUE(IF($H181="dot",$G181,0)) -> 0 | AK181: =VALUE(IF($D181="opř",$C181,0))+VALUE(IF($H181="opř",$G181,0)) -> 0 | AL181: součet
A182: 162 | J182: =IF(AL182=C182,IF(AL182=0,"-","ok"),"chyba") -> - | P182: =VALUE(IF($D182="vyb",$C182,0))+VALUE(IF($H182="vyb",$G182,0)) -> 0 | Q182: =VALUE(IF($D182="mtv",$C182,0))+VALUE(IF($H182="mtv",$G182,0)) -> 0 | R182: =VALUE(IF($D182="mat",$C182,0))+VALUE(IF($H182="mat",$G182,0)) -> 0 | S182: =VALUE(IF($D182="pot",$C182,0))+VALUE(IF($H182="pot",$G182,0)) -> 0 | T182: =VALUE(IF($D182="táb",$C182,0))+VALUE(IF($H182="táb",$G182,0)) -> 0 | U182: =VALUE(IF($D182="oma",$C182,0))+VALUE(IF($H182="oma",$G182,0)) -> 0 | V182: =VALUE(IF($D182="ces",$C182,0))+VALUE(IF($H182="ces",$G182,0)) -> 0 | W182: =VALUE(IF($D182="poš",$C182,0))+VALUE(IF($H182="poš",$G182,0)) -> 0 | X182: =VALUE(IF($D182="tel",$C182,0))+VALUE(IF($H182="tel",$G182,0)) -> 0 | Y182: =VALUE(IF($D182="dop",$C182,0))+VALUE(IF($H182="dop",$G182,0)) -> 0 | Z182: =VALUE(IF($D182="nák",$C182,0))+VALUE(IF($H182="nák",$G182,0)) -> 0 | AA182: =VALUE(IF($D182="náj",$C182,0))+VALUE(IF($H182="náj",$G182,0)) -> 0 | AB182: =VALUE(IF($D182="půj",$C182,0))+VALUE(IF($H182="půj",$G182,0)) -> 0 | AC182: =VALUE(IF($D182="vst",$C182,0))+VALUE(IF($H182="vst",$G182,0)) -> 0 | AD182: =VALUE(IF($D182="kop",$C182,0))+VALUE(IF($H182="kop",$G182,0)) -> 0 | AE182: =VALUE(IF($D182="osl",$C182,0))+VALUE(IF($H182="osl",$G182,0)) -> 0 | AF182: =VALUE(IF($D182="vra",$C182,0))+VALUE(IF($H182="vra",$G182,0)) -> 0 | AG182: =VALUE(IF($D182="zho",$C182,0))+VALUE(IF($H182="zho",$G182,0)) -> 0 | AH182: =VALUE(IF($D182="zbú",$C182,0))+VALUE(IF($H182="zbú",$G182,0)) -> 0 | AI182: =VALUE(IF($D182="pří",$C182,0))+VALUE(IF($H182="pří",$G182,0)) -> 0 | AJ182: =VALUE(IF($D182="dot",$C182,0))+VALUE(IF($H182="dot",$G182,0)) -> 0 | AK182: =VALUE(IF($D182="opř",$C182,0))+VALUE(IF($H182="opř",$G182,0)) -> 0 | AL182: =SUM(P182:AK182) -> 0 | AN182: =CONCATENATE('Přehled akce'!$K$4," / ",'Přehled akce'!$K$5) -> / | AO182: =IF('Příjmy a výdaje'!$G182="ano",'Příjmy a výdaje'!$B182,0) -> 0 | AP182: =IF('Příjmy a výdaje'!$G182="ano",'Příjmy a výdaje'!$C182,0) -> 0 | AQ182: ='Příjmy a výdaje'!$AP182 -> 0
A183: 163 | J183: =IF(AL183=C183,IF(AL183=0,"-","ok"),"chyba") -> - | P183: =VALUE(IF($D183="vyb",$C183,0))+VALUE(IF($H183="vyb",$G183,0)) -> 0 | Q183: =VALUE(IF($D183="mtv",$C183,0))+VALUE(IF($H183="mtv",$G183,0)) -> 0 | R183: =VALUE(IF($D183="mat",$C183,0))+VALUE(IF($H183="mat",$G183,0)) -> 0 | S183: =VALUE(IF($D183="pot",$C183,0))+VALUE(IF($H183="pot",$G183,0)) -> 0 | T183: =VALUE(IF($D183="táb",$C183,0))+VALUE(IF($H183="táb",$G183,0)) -> 0 | U183: =VALUE(IF($D183="oma",$C183,0))+VALUE(IF($H183="oma",$G183,0)) -> 0 | V183: =VALUE(IF($D183="ces",$C183,0))+VALUE(IF($H183="ces",$G183,0)) -> 0 | W183: =VALUE(IF($D183="poš",$C183,0))+VALUE(IF($H183="poš",$G183,0)) -> 0 | X183: =VALUE(IF($D183="tel",$C183,0))+VALUE(IF($H183="tel",$G183,0)) -> 0 | Y183: =VALUE(IF($D183="dop",$C183,0))+VALUE(IF($H183="dop",$G183,0)) -> 0 | Z183: =VALUE(IF($D183="nák",$C183,0))+VALUE(IF($H183="nák",$G183,0)) -> 0 | AA183: =VALUE(IF($D183="náj",$C183,0))+VALUE(IF($H183="náj",$G183,0)) -> 0 | AB183: =VALUE(IF($D183="půj",$C183,0))+VALUE(IF($H183="půj",$G183,0)) -> 0 | AC183: =VALUE(IF($D183="vst",$C183,0))+VALUE(IF($H183="vst",$G183,0)) -> 0 | AD183: =VALUE(IF($D183="kop",$C183,0))+VALUE(IF($H183="kop",$G183,0)) -> 0 | AE183: =VALUE(IF($D183="osl",$C183,0))+VALUE(IF($H183="osl",$G183,0)) -> 0 | AF183: =VALUE(IF($D183="vra",$C183,0))+VALUE(IF($H183="vra",$G183,0)) -> 0 | AG183: =VALUE(IF($D183="zho",$C183,0))+VALUE(IF($H183="zho",$G183,0)) -> 0 | AH183: =VALUE(IF($D183="zbú",$C183,0))+VALUE(IF($H183="zbú",$G183,0)) -> 0 | AI183: =VALUE(IF($D183="pří",$C183,0))+VALUE(IF($H183="pří",$G183,0)) -> 0 | AJ183: =VALUE(IF($D183="dot",$C183,0))+VALUE(IF($H183="dot",$G183,0)) -> 0 | AK183: =VALUE(IF($D183="opř",$C183,0))+VALUE(IF($H183="opř",$G183,0)) -> 0 | AL183: =SUM(P183:AK183) -> 0 | AN183: =CONCATENATE('Přehled akce'!$K$4," / ",'Přehled akce'!$K$5) -> / | AO183: =IF('Příjmy a výdaje'!$G183="ano",'Příjmy a výdaje'!$B183,0) -> 0 | AP183: =IF('Příjmy a výdaje'!$G183="ano",'Příjmy a výdaje'!$C183,0) -> 0 | AQ183: ='Příjmy a výdaje'!$AP183 -> 0
A184: 164 | J184: =IF(AL184=C184,IF(AL184=0,"-","ok"),"chyba") -> - | P184: =VALUE(IF($D184="vyb",$C184,0))+VALUE(IF($H184="vyb",$G184,0)) -> 0 | Q184: =VALUE(IF($D184="mtv",$C184,0))+VALUE(IF($H184="mtv",$G184,0)) -> 0 | R184: =VALUE(IF($D184="mat",$C184,0))+VALUE(IF($H184="mat",$G184,0)) -> 0 | S184: =VALUE(IF($D184="pot",$C184,0))+VALUE(IF($H184="pot",$G184,0)) -> 0 | T184: =VALUE(IF($D184="táb",$C184,0))+VALUE(IF($H184="táb",$G184,0)) -> 0 | U184: =VALUE(IF($D184="oma",$C184,0))+VALUE(IF($H184="oma",$G184,0)) -> 0 | V184: =VALUE(IF($D184="ces",$C184,0))+VALUE(IF($H184="ces",$G184,0)) -> 0 | W184: =VALUE(IF($D184="poš",$C184,0))+VALUE(IF($H184="poš",$G184,0)) -> 0 | X184: =VALUE(IF($D184="tel",$C184,0))+VALUE(IF($H184="tel",$G184,0)) -> 0 | Y184: =VALUE(IF($D184="dop",$C184,0))+VALUE(IF($H184="dop",$G184,0)) -> 0 | Z184: =VALUE(IF($D184="nák",$C184,0))+VALUE(IF($H184="nák",$G184,0)) -> 0 | AA184: =VALUE(IF($D184="náj",$C184,0))+VALUE(IF($H184="náj",$G184,0)) -> 0 | AB184: =VALUE(IF($D184="půj",$C184,0))+VALUE(IF($H184="půj",$G184,0)) -> 0 | AC184: =VALUE(IF($D184="vst",$C184,0))+VALUE(IF($H184="vst",$G184,0)) -> 0 | AD184: =VALUE(IF($D184="kop",$C184,0))+VALUE(IF($H184="kop",$G184,0)) -> 0 | AE184: =VALUE(IF($D184="osl",$C184,0))+VALUE(IF($H184="osl",$G184,0)) -> 0 | AF184: =VALUE(IF($D184="vra",$C184,0))+VALUE(IF($H184="vra",$G184,0)) -> 0 | AG184: =VALUE(IF($D184="zho",$C184,0))+VALUE(IF($H184="zho",$G184,0)) -> 0 | AH184: =VALUE(IF($D184="zbú",$C184,0))+VALUE(IF($H184="zbú",$G184,0)) -> 0 | AI184: =VALUE(IF($D184="pří",$C184,0))+VALUE(IF($H184="pří",$G184,0)) -> 0 | AJ184: =VALUE(IF($D184="dot",$C184,0))+VALUE(IF($H184="dot",$G184,0)) -> 0 | AK184: =VALUE(IF($D184="opř",$C184,0))+VALUE(IF($H184="opř",$G184,0)) -> 0 | AL184: =SUM(P184:AK184) -> 0 | AN184: =CONCATENATE('Přehled akce'!$K$4," / ",'Přehled akce'!$K$5) -> / | AO184: =IF('Příjmy a výdaje'!$G184="ano",'Příjmy a výdaje'!$B184,0) -> 0 | AP184: =IF('Příjmy a výdaje'!$G184="ano",'Příjmy a výdaje'!$C184,0) -> 0 | AQ184: ='Příjmy a výdaje'!$AP184 -> 0
A185: 165 | J185: =IF(AL185=C185,IF(AL185=0,"-","ok"),"chyba") -> - | P185: =VALUE(IF($D185="vyb",$C185,0))+VALUE(IF($H185="vyb",$G185,0)) -> 0 | Q185: =VALUE(IF($D185="mtv",$C185,0))+VALUE(IF($H185="mtv",$G185,0)) -> 0 | R185: =VALUE(IF($D185="mat",$C185,0))+VALUE(IF($H185="mat",$G185,0)) -> 0 | S185: =VALUE(IF($D185="pot",$C185,0))+VALUE(IF($H185="pot",$G185,0)) -> 0 | T185: =VALUE(IF($D185="táb",$C185,0))+VALUE(IF($H185="táb",$G185,0)) -> 0 | U185: =VALUE(IF($D185="oma",$C185,0))+VALUE(IF($H185="oma",$G185,0)) -> 0 | V185: =VALUE(IF($D185="ces",$C185,0))+VALUE(IF($H185="ces",$G185,0)) -> 0 | W185: =VALUE(IF($D185="poš",$C185,0))+VALUE(IF($H185="poš",$G185,0)) -> 0 | X185: =VALUE(IF($D185="tel",$C185,0))+VALUE(IF($H185="tel",$G185,0)) -> 0 | Y185: =VALUE(IF($D185="dop",$C185,0))+VALUE(IF($H185="dop",$G185,0)) -> 0 | Z185: =VALUE(IF($D185="nák",$C185,0))+VALUE(IF($H185="nák",$G185,0)) -> 0 | AA185: =VALUE(IF($D185="náj",$C185,0))+VALUE(IF($H185="náj",$G185,0)) -> 0 | AB185: =VALUE(IF($D185="půj",$C185,0))+VALUE(IF($H185="půj",$G185,0)) -> 0 | AC185: =VALUE(IF($D185="vst",$C185,0))+VALUE(IF($H185="vst",$G185,0)) -> 0 | AD185: =VALUE(IF($D185="kop",$C185,0))+VALUE(IF($H185="kop",$G185,0)) -> 0 | AE185: =VALUE(IF($D185="osl",$C185,0))+VALUE(IF($H185="osl",$G185,0)) -> 0 | AF185: =VALUE(IF($D185="vra",$C185,0))+VALUE(IF($H185="vra",$G185,0)) -> 0 | AG185: =VALUE(IF($D185="zho",$C185,0))+VALUE(IF($H185="zho",$G185,0)) -> 0 | AH185: =VALUE(IF($D185="zbú",$C185,0))+VALUE(IF($H185="zbú",$G185,0)) -> 0 | AI185: =VALUE(IF($D185="pří",$C185,0))+VALUE(IF($H185="pří",$G185,0)) -> 0 | AJ185: =VALUE(IF($D185="dot",$C185,0))+VALUE(IF($H185="dot",$G185,0)) -> 0 | AK185: =VALUE(IF($D185="opř",$C185,0))+VALUE(IF($H185="opř",$G185,0)) -> 0 | AL185: =SUM(P185:AK185) -> 0 | AN185: =CONCATENATE('Přehled akce'!$K$4," / ",'Přehled akce'!$K$5) -> / | AO185: =IF('Příjmy a výdaje'!$G185="ano",'Příjmy a výdaje'!$B185,0) -> 0 | AP185: =IF('Příjmy a výdaje'!$G185="ano",'Příjmy a výdaje'!$C185,0) -> 0 | AQ185: ='Příjmy a výdaje'!$AP185 -> 0
A186: 166 | J186: =IF(AL186=C186,IF(AL186=0,"-","ok"),"chyba") -> - | P186: =VALUE(IF($D186="vyb",$C186,0))+VALUE(IF($H186="vyb",$G186,0)) -> 0 | Q186: =VALUE(IF($D186="mtv",$C186,0))+VALUE(IF($H186="mtv",$G186,0)) -> 0 | R186: =VALUE(IF($D186="mat",$C186,0))+VALUE(IF($H186="mat",$G186,0)) -> 0 | S186: =VALUE(IF($D186="pot",$C186,0))+VALUE(IF($H186="pot",$G186,0)) -> 0 | T186: =VALUE(IF($D186="táb",$C186,0))+VALUE(IF($H186="táb",$G186,0)) -> 0 | U186: =VALUE(IF($D186="oma",$C186,0))+VALUE(IF($H186="oma",$G186,0)) -> 0 | V186: =VALUE(IF($D186="ces",$C186,0))+VALUE(IF($H186="ces",$G186,0)) -> 0 | W186: =VALUE(IF($D186="poš",$C186,0))+VALUE(IF($H186="poš",$G186,0)) -> 0 | X186: =VALUE(IF($D186="tel",$C186,0))+VALUE(IF($H186="tel",$G186,0)) -> 0 | Y186: =VALUE(IF($D186="dop",$C186,0))+VALUE(IF($H186="dop",$G186,0)) -> 0 | Z186: =VALUE(IF($D186="nák",$C186,0))+VALUE(IF($H186="nák",$G186,0)) -> 0 | AA186: =VALUE(IF($D186="náj",$C186,0))+VALUE(IF($H186="náj",$G186,0)) -> 0 | AB186: =VALUE(IF($D186="půj",$C186,0))+VALUE(IF($H186="půj",$G186,0)) -> 0 | AC186: =VALUE(IF($D186="vst",$C186,0))+VALUE(IF($H186="vst",$G186,0)) -> 0 | AD186: =VALUE(IF($D186="kop",$C186,0))+VALUE(IF($H186="kop",$G186,0)) -> 0 | AE186: =VALUE(IF($D186="osl",$C186,0))+VALUE(IF($H186="osl",$G186,0)) -> 0 | AF186: =VALUE(IF($D186="vra",$C186,0))+VALUE(IF($H186="vra",$G186,0)) -> 0 | AG186: =VALUE(IF($D186="zho",$C186,0))+VALUE(IF($H186="zho",$G186,0)) -> 0 | AH186: =VALUE(IF($D186="zbú",$C186,0))+VALUE(IF($H186="zbú",$G186,0)) -> 0 | AI186: =VALUE(IF($D186="pří",$C186,0))+VALUE(IF($H186="pří",$G186,0)) -> 0 | AJ186: =VALUE(IF($D186="dot",$C186,0))+VALUE(IF($H186="dot",$G186,0)) -> 0 | AK186: =VALUE(IF($D186="opř",$C186,0))+VALUE(IF($H186="opř",$G186,0)) -> 0 | AL186: =SUM(P186:AK186) -> 0 | AN186: =CONCATENATE('Přehled akce'!$K$4," / ",'Přehled akce'!$K$5) -> / | AO186: =IF('Příjmy a výdaje'!$G186="ano",'Příjmy a výdaje'!$B186,0) -> 0 | AP186: =IF('Příjmy a výdaje'!$G186="ano",'Příjmy a výdaje'!$C186,0) -> 0 | AQ186: ='Příjmy a výdaje'!$AP186 -> 0
A187: 167 | J187: =IF(AL187=C187,IF(AL187=0,"-","ok"),"chyba") -> - | P187: =VALUE(IF($D187="vyb",$C187,0))+VALUE(IF($H187="vyb",$G187,0)) -> 0 | Q187: =VALUE(IF($D187="mtv",$C187,0))+VALUE(IF($H187="mtv",$G187,0)) -> 0 | R187: =VALUE(IF($D187="mat",$C187,0))+VALUE(IF($H187="mat",$G187,0)) -> 0 | S187: =VALUE(IF($D187="pot",$C187,0))+VALUE(IF($H187="pot",$G187,0)) -> 0 | T187: =VALUE(IF($D187="táb",$C187,0))+VALUE(IF($H187="táb",$G187,0)) -> 0 | U187: =VALUE(IF($D187="oma",$C187,0))+VALUE(IF($H187="oma",$G187,0)) -> 0 | V187: =VALUE(IF($D187="ces",$C187,0))+VALUE(IF($H187="ces",$G187,0)) -> 0 | W187: =VALUE(IF($D187="poš",$C187,0))+VALUE(IF($H187="poš",$G187,0)) -> 0 | X187: =VALUE(IF($D187="tel",$C187,0))+VALUE(IF($H187="tel",$G187,0)) -> 0 | Y187: =VALUE(IF($D187="dop",$C187,0))+VALUE(IF($H187="dop",$G187,0)) -> 0 | Z187: =VALUE(IF($D187="nák",$C187,0))+VALUE(IF($H187="nák",$G187,0)) -> 0 | AA187: =VALUE(IF($D187="náj",$C187,0))+VALUE(IF($H187="náj",$G187,0)) -> 0 | AB187: =VALUE(IF($D187="půj",$C187,0))+VALUE(IF($H187="půj",$G187,0)) -> 0 | AC187: =VALUE(IF($D187="vst",$C187,0))+VALUE(IF($H187="vst",$G187,0)) -> 0 | AD187: =VALUE(IF($D187="kop",$C187,0))+VALUE(IF($H187="kop",$G187,0)) -> 0 | AE187: =VALUE(IF($D187="osl",$C187,0))+VALUE(IF($H187="osl",$G187,0)) -> 0 | AF187: =VALUE(IF($D187="vra",$C187,0))+VALUE(IF($H187="vra",$G187,0)) -> 0 | AG187: =VALUE(IF($D187="zho",$C187,0))+VALUE(IF($H187="zho",$G187,0)) -> 0 | AH187: =VALUE(IF($D187="zbú",$C187,0))+VALUE(IF($H187="zbú",$G187,0)) -> 0 | AI187: =VALUE(IF($D187="pří",$C187,0))+VALUE(IF($H187="pří",$G187,0)) -> 0 | AJ187: =VALUE(IF($D187="dot",$C187,0))+VALUE(IF($H187="dot",$G187,0)) -> 0 | AK187: =VALUE(IF($D187="opř",$C187,0))+VALUE(IF($H187="opř",$G187,0)) -> 0 | AL187: =SUM(P187:AK187) -> 0 | AN187: =CONCATENATE('Přehled akce'!$K$4," / ",'Přehled akce'!$K$5) -> / | AO187: =IF('Příjmy a výdaje'!$G187="ano",'Příjmy a výdaje'!$B187,0) -> 0 | AP187: =IF('Příjmy a výdaje'!$G187="ano",'Příjmy a výdaje'!$C187,0) -> 0 | AQ187: ='Příjmy a výdaje'!$AP187 -> 0
A188: 168 | J188: =IF(AL188=C188,IF(AL188=0,"-","ok"),"chyba") -> - | P188: =VALUE(IF($D188="vyb",$C188,0))+VALUE(IF($H188="vyb",$G188,0)) -> 0 | Q188: =VALUE(IF($D188="mtv",$C188,0))+VALUE(IF($H188="mtv",$G188,0)) -> 0 | R188: =VALUE(IF($D188="mat",$C188,0))+VALUE(IF($H188="mat",$G188,0)) -> 0 | S188: =VALUE(IF($D188="pot",$C188,0))+VALUE(IF($H188="pot",$G188,0)) -> 0 | T188: =VALUE(IF($D188="táb",$C188,0))+VALUE(IF($H188="táb",$G188,0)) -> 0 | U188: =VALUE(IF($D188="oma",$C188,0))+VALUE(IF($H188="oma",$G188,0)) -> 0 | V188: =VALUE(IF($D188="ces",$C188,0))+VALUE(IF($H188="ces",$G188,0)) -> 0 | W188: =VALUE(IF($D188="poš",$C188,0))+VALUE(IF($H188="poš",$G188,0)) -> 0 | X188: =VALUE(IF($D188="tel",$C188,0))+VALUE(IF($H188="tel",$G188,0)) -> 0 | Y188: =VALUE(IF($D188="dop",$C188,0))+VALUE(IF($H188="dop",$G188,0)) -> 0 | Z188: =VALUE(IF($D188="nák",$C188,0))+VALUE(IF($H188="nák",$G188,0)) -> 0 | AA188: =VALUE(IF($D188="náj",$C188,0))+VALUE(IF($H188="náj",$G188,0)) -> 0 | AB188: =VALUE(IF($D188="půj",$C188,0))+VALUE(IF($H188="půj",$G188,0)) -> 0 | AC188: =VALUE(IF($D188="vst",$C188,0))+VALUE(IF($H188="vst",$G188,0)) -> 0 | AD188: =VALUE(IF($D188="kop",$C188,0))+VALUE(IF($H188="kop",$G188,0)) -> 0 | AE188: =VALUE(IF($D188="osl",$C188,0))+VALUE(IF($H188="osl",$G188,0)) -> 0 | AF188: =VALUE(IF($D188="vra",$C188,0))+VALUE(IF($H188="vra",$G188,0)) -> 0 | AG188: =VALUE(IF($D188="zho",$C188,0))+VALUE(IF($H188="zho",$G188,0)) -> 0 | AH188: =VALUE(IF($D188="zbú",$C188,0))+VALUE(IF($H188="zbú",$G188,0)) -> 0 | AI188: =VALUE(IF($D188="pří",$C188,0))+VALUE(IF($H188="pří",$G188,0)) -> 0 | AJ188: =VALUE(IF($D188="dot",$C188,0))+VALUE(IF($H188="dot",$G188,0)) -> 0 | AK188: =VALUE(IF($D188="opř",$C188,0))+VALUE(IF($H188="opř",$G188,0)) -> 0 | AL188: =SUM(P188:AK188) -> 0 | AN188: =CONCATENATE('Přehled akce'!$K$4," / ",'Přehled akce'!$K$5) -> / | AO188: =IF('Příjmy a výdaje'!$G188="ano",'Příjmy a výdaje'!$B188,0) -> 0 | AP188: =IF('Příjmy a výdaje'!$G188="ano",'Příjmy a výdaje'!$C188,0) -> 0 | AQ188: ='Příjmy a výdaje'!$AP188 -> 0
A189: 169 | J189: =IF(AL189=C189,IF(AL189=0,"-","ok"),"chyba") -> - | P189: =VALUE(IF($D189="vyb",$C189,0))+VALUE(IF($H189="vyb",$G189,0)) -> 0 | Q189: =VALUE(IF($D189="mtv",$C189,0))+VALUE(IF($H189="mtv",$G189,0)) -> 0 | R189: =VALUE(IF($D189="mat",$C189,0))+VALUE(IF($H189="mat",$G189,0)) -> 0 | S189: =VALUE(IF($D189="pot",$C189,0))+VALUE(IF($H189="pot",$G189,0)) -> 0 | T189: =VALUE(IF($D189="táb",$C189,0))+VALUE(IF($H189="táb",$G189,0)) -> 0 | U189: =VALUE(IF($D189="oma",$C189,0))+VALUE(IF($H189="oma",$G189,0)) -> 0 | V189: =VALUE(IF($D189="ces",$C189,0))+VALUE(IF($H189="ces",$G189,0)) -> 0 | W189: =VALUE(IF($D189="poš",$C189,0))+VALUE(IF($H189="poš",$G189,0)) -> 0 | X189: =VALUE(IF($D189="tel",$C189,0))+VALUE(IF($H189="tel",$G189,0)) -> 0 | Y189: =VALUE(IF($D189="dop",$C189,0))+VALUE(IF($H189="dop",$G189,0)) -> 0 | Z189: =VALUE(IF($D189="nák",$C189,0))+VALUE(IF($H189="nák",$G189,0)) -> 0 | AA189: =VALUE(IF($D189="náj",$C189,0))+VALUE(IF($H189="náj",$G189,0)) -> 0 | AB189: =VALUE(IF($D189="půj",$C189,0))+VALUE(IF($H189="půj",$G189,0)) -> 0 | AC189: =VALUE(IF($D189="vst",$C189,0))+VALUE(IF($H189="vst",$G189,0)) -> 0 | AD189: =VALUE(IF($D189="kop",$C189,0))+VALUE(IF($H189="kop",$G189,0)) -> 0 | AE189: =VALUE(IF($D189="osl",$C189,0))+VALUE(IF($H189="osl",$G189,0)) -> 0 | AF189: =VALUE(IF($D189="vra",$C189,0))+VALUE(IF($H189="vra",$G189,0)) -> 0 | AG189: =VALUE(IF($D189="zho",$C189,0))+VALUE(IF($H189="zho",$G189,0)) -> 0 | AH189: =VALUE(IF($D189="zbú",$C189,0))+VALUE(IF($H189="zbú",$G189,0)) -> 0 | AI189: =VALUE(IF($D189="pří",$C189,0))+VALUE(IF($H189="pří",$G189,0)) -> 0 | AJ189: =VALUE(IF($D189="dot",$C189,0))+VALUE(IF($H189="dot",$G189,0)) -> 0 | AK189: =VALUE(IF($D189="opř",$C189,0))+VALUE(IF($H189="opř",$G189,0)) -> 0 | AL189: =SUM(P189:AK189) -> 0 | AN189: =CONCATENATE('Přehled akce'!$K$4," / ",'Přehled akce'!$K$5) -> / | AO189: =IF('Příjmy a výdaje'!$G189="ano",'Příjmy a výdaje'!$B189,0) -> 0 | AP189: =IF('Příjmy a výdaje'!$G189="ano",'Příjmy a výdaje'!$C189,0) -> 0 | AQ189: ='Příjmy a výdaje'!$AP189 -> 0
A190: 170 | J190: =IF(AL190=C190,IF(AL190=0,"-","ok"),"chyba") -> - | P190: =VALUE(IF($D190="vyb",$C190,0))+VALUE(IF($H190="vyb",$G190,0)) -> 0 | Q190: =VALUE(IF($D190="mtv",$C190,0))+VALUE(IF($H190="mtv",$G190,0)) -> 0 | R190: =VALUE(IF($D190="mat",$C190,0))+VALUE(IF($H190="mat",$G190,0)) -> 0 | S190: =VALUE(IF($D190="pot",$C190,0))+VALUE(IF($H190="pot",$G190,0)) -> 0 | T190: =VALUE(IF($D190="táb",$C190,0))+VALUE(IF($H190="táb",$G190,0)) -> 0 | U190: =VALUE(IF($D190="oma",$C190,0))+VALUE(IF($H190="oma",$G190,0)) -> 0 | V190: =VALUE(IF($D190="ces",$C190,0))+VALUE(IF($H190="ces",$G190,0)) -> 0 | W190: =VALUE(IF($D190="poš",$C190,0))+VALUE(IF($H190="poš",$G190,0)) -> 0 | X190: =VALUE(IF($D190="tel",$C190,0))+VALUE(IF($H190="tel",$G190,0)) -> 0 | Y190: =VALUE(IF($D190="dop",$C190,0))+VALUE(IF($H190="dop",$G190,0)) -> 0 | Z190: =VALUE(IF($D190="nák",$C190,0))+VALUE(IF($H190="nák",$G190,0)) -> 0 | AA190: =VALUE(IF($D190="náj",$C190,0))+VALUE(IF($H190="náj",$G190,0)) -> 0 | AB190: =VALUE(IF($D190="půj",$C190,0))+VALUE(IF($H190="půj",$G190,0)) -> 0 | AC190: =VALUE(IF($D190="vst",$C190,0))+VALUE(IF($H190="vst",$G190,0)) -> 0 | AD190: =VALUE(IF($D190="kop",$C190,0))+VALUE(IF($H190="kop",$G190,0)) -> 0 | AE190: =VALUE(IF($D190="osl",$C190,0))+VALUE(IF($H190="osl",$G190,0)) -> 0 | AF190: =VALUE(IF($D190="vra",$C190,0))+VALUE(IF($H190="vra",$G190,0)) -> 0 | AG190: =VALUE(IF($D190="zho",$C190,0))+VALUE(IF($H190="zho",$G190,0)) -> 0 | AH190: =VALUE(IF($D190="zbú",$C190,0))+VALUE(IF($H190="zbú",$G190,0)) -> 0 | AI190: =VALUE(IF($D190="pří",$C190,0))+VALUE(IF($H190="pří",$G190,0)) -> 0 | AJ190: =VALUE(IF($D190="dot",$C190,0))+VALUE(IF($H190="dot",$G190,0)) -> 0 | AK190: =VALUE(IF($D190="opř",$C190,0))+VALUE(IF($H190="opř",$G190,0)) -> 0 | AL190: =SUM(P190:AK190) -> 0 | AN190: =CONCATENATE('Přehled akce'!$K$4," / ",'Přehled akce'!$K$5) -> / | AO190: =IF('Příjmy a výdaje'!$G190="ano",'Příjmy a výdaje'!$B190,0) -> 0 | AP190: =IF('Příjmy a výdaje'!$G190="ano",'Příjmy a výdaje'!$C190,0) -> 0 | AQ190: ='Příjmy a výdaje'!$AP190 -> 0
A191: 171 | J191: =IF(AL191=C191,IF(AL191=0,"-","ok"),"chyba") -> - | P191: =VALUE(IF($D191="vyb",$C191,0))+VALUE(IF($H191="vyb",$G191,0)) -> 0 | Q191: =VALUE(IF($D191="mtv",$C191,0))+VALUE(IF($H191="mtv",$G191,0)) -> 0 | R191: =VALUE(IF($D191="mat",$C191,0))+VALUE(IF($H191="mat",$G191,0)) -> 0 | S191: =VALUE(IF($D191="pot",$C191,0))+VALUE(IF($H191="pot",$G191,0)) -> 0 | T191: =VALUE(IF($D191="táb",$C191,0))+VALUE(IF($H191="táb",$G191,0)) -> 0 | U191: =VALUE(IF($D191="oma",$C191,0))+VALUE(IF($H191="oma",$G191,0)) -> 0 | V191: =VALUE(IF($D191="ces",$C191,0))+VALUE(IF($H191="ces",$G191,0)) -> 0 | W191: =VALUE(IF($D191="poš",$C191,0))+VALUE(IF($H191="poš",$G191,0)) -> 0 | X191: =VALUE(IF($D191="tel",$C191,0))+VALUE(IF($H191="tel",$G191,0)) -> 0 | Y191: =VALUE(IF($D191="dop",$C191,0))+VALUE(IF($H191="dop",$G191,0)) -> 0 | Z191: =VALUE(IF($D191="nák",$C191,0))+VALUE(IF($H191="nák",$G191,0)) -> 0 | AA191: =VALUE(IF($D191="náj",$C191,0))+VALUE(IF($H191="náj",$G191,0)) -> 0 | AB191: =VALUE(IF($D191="půj",$C191,0))+VALUE(IF($H191="půj",$G191,0)) -> 0 | AC191: =VALUE(IF($D191="vst",$C191,0))+VALUE(IF($H191="vst",$G191,0)) -> 0 | AD191: =VALUE(IF($D191="kop",$C191,0))+VALUE(IF($H191="kop",$G191,0)) -> 0 | AE191: =VALUE(IF($D191="osl",$C191,0))+VALUE(IF($H191="osl",$G191,0)) -> 0 | AF191: =VALUE(IF($D191="vra",$C191,0))+VALUE(IF($H191="vra",$G191,0)) -> 0 | AG191: =VALUE(IF($D191="zho",$C191,0))+VALUE(IF($H191="zho",$G191,0)) -> 0 | AH191: =VALUE(IF($D191="zbú",$C191,0))+VALUE(IF($H191="zbú",$G191,0)) -> 0 | AI191: =VALUE(IF($D191="pří",$C191,0))+VALUE(IF($H191="pří",$G191,0)) -> 0 | AJ191: =VALUE(IF($D191="dot",$C191,0))+VALUE(IF($H191="dot",$G191,0)) -> 0 | AK191: =VALUE(IF($D191="opř",$C191,0))+VALUE(IF($H191="opř",$G191,0)) -> 0 | AL191: =SUM(P191:AK191) -> 0 | AN191: =CONCATENATE('Přehled akce'!$K$4," / ",'Přehled akce'!$K$5) -> / | AO191: =IF('Příjmy a výdaje'!$G191="ano",'Příjmy a výdaje'!$B191,0) -> 0 | AP191: =IF('Příjmy a výdaje'!$G191="ano",'Příjmy a výdaje'!$C191,0) -> 0 | AQ191: ='Příjmy a výdaje'!$AP191 -> 0
A192: 172 | J192: =IF(AL192=C192,IF(AL192=0,"-","ok"),"chyba") -> - | P192: =VALUE(IF($D192="vyb",$C192,0))+VALUE(IF($H192="vyb",$G192,0)) -> 0 | Q192: =VALUE(IF($D192="mtv",$C192,0))+VALUE(IF($H192="mtv",$G192,0)) -> 0 | R192: =VALUE(IF($D192="mat",$C192,0))+VALUE(IF($H192="mat",$G192,0)) -> 0 | S192: =VALUE(IF($D192="pot",$C192,0))+VALUE(IF($H192="pot",$G192,0)) -> 0 | T192: =VALUE(IF($D192="táb",$C192,0))+VALUE(IF($H192="táb",$G192,0)) -> 0 | U192: =VALUE(IF($D192="oma",$C192,0))+VALUE(IF($H192="oma",$G192,0)) -> 0 | V192: =VALUE(IF($D192="ces",$C192,0))+VALUE(IF($H192="ces",$G192,0)) -> 0 | W192: =VALUE(IF($D192="poš",$C192,0))+VALUE(IF($H192="poš",$G192,0)) -> 0 | X192: =VALUE(IF($D192="tel",$C192,0))+VALUE(IF($H192="tel",$G192,0)) -> 0 | Y192: =VALUE(IF($D192="dop",$C192,0))+VALUE(IF($H192="dop",$G192,0)) -> 0 | Z192: =VALUE(IF($D192="nák",$C192,0))+VALUE(IF($H192="nák",$G192,0)) -> 0 | AA192: =VALUE(IF($D192="náj",$C192,0))+VALUE(IF($H192="náj",$G192,0)) -> 0 | AB192: =VALUE(IF($D192="půj",$C192,0))+VALUE(IF($H192="půj",$G192,0)) -> 0 | AC192: =VALUE(IF($D192="vst",$C192,0))+VALUE(IF($H192="vst",$G192,0)) -> 0 | AD192: =VALUE(IF($D192="kop",$C192,0))+VALUE(IF($H192="kop",$G192,0)) -> 0 | AE192: =VALUE(IF($D192="osl",$C192,0))+VALUE(IF($H192="osl",$G192,0)) -> 0 | AF192: =VALUE(IF($D192="vra",$C192,0))+VALUE(IF($H192="vra",$G192,0)) -> 0 | AG192: =VALUE(IF($D192="zho",$C192,0))+VALUE(IF($H192="zho",$G192,0)) -> 0 | AH192: =VALUE(IF($D192="zbú",$C192,0))+VALUE(IF($H192="zbú",$G192,0)) -> 0 | AI192: =VALUE(IF($D192="pří",$C192,0))+VALUE(IF($H192="pří",$G192,0)) -> 0 | AJ192: =VALUE(IF($D192="dot",$C192,0))+VALUE(IF($H192="dot",$G192,0)) -> 0 | AK192: =VALUE(IF($D192="opř",$C192,0))+VALUE(IF($H192="opř",$G192,0)) -> 0 | AL192: =SUM(P192:AK192) -> 0 | AN192: =CONCATENATE('Přehled akce'!$K$4," / ",'Přehled akce'!$K$5) -> / | AO192: =IF('Příjmy a výdaje'!$G192="ano",'Příjmy a výdaje'!$B192,0) -> 0 | AP192: =IF('Příjmy a výdaje'!$G192="ano",'Příjmy a výdaje'!$C192,0) -> 0 | AQ192: ='Příjmy a výdaje'!$AP192 -> 0
A193: 173 | J193: =IF(AL193=C193,IF(AL193=0,"-","ok"),"chyba") -> - | P193: =VALUE(IF($D193="vyb",$C193,0))+VALUE(IF($H193="vyb",$G193,0)) -> 0 | Q193: =VALUE(IF($D193="mtv",$C193,0))+VALUE(IF($H193="mtv",$G193,0)) -> 0 | R193: =VALUE(IF($D193="mat",$C193,0))+VALUE(IF($H193="mat",$G193,0)) -> 0 | S193: =VALUE(IF($D193="pot",$C193,0))+VALUE(IF($H193="pot",$G193,0)) -> 0 | T193: =VALUE(IF($D193="táb",$C193,0))+VALUE(IF($H193="táb",$G193,0)) -> 0 | U193: =VALUE(IF($D193="oma",$C193,0))+VALUE(IF($H193="oma",$G193,0)) -> 0 | V193: =VALUE(IF($D193="ces",$C193,0))+VALUE(IF($H193="ces",$G193,0)) -> 0 | W193: =VALUE(IF($D193="poš",$C193,0))+VALUE(IF($H193="poš",$G193,0)) -> 0 | X193: =VALUE(IF($D193="tel",$C193,0))+VALUE(IF($H193="tel",$G193,0)) -> 0 | Y193: =VALUE(IF($D193="dop",$C193,0))+VALUE(IF($H193="dop",$G193,0)) -> 0 | Z193: =VALUE(IF($D193="nák",$C193,0))+VALUE(IF($H193="nák",$G193,0)) -> 0 | AA193: =VALUE(IF($D193="náj",$C193,0))+VALUE(IF($H193="náj",$G193,0)) -> 0 | AB193: =VALUE(IF($D193="půj",$C193,0))+VALUE(IF($H193="půj",$G193,0)) -> 0 | AC193: =VALUE(IF($D193="vst",$C193,0))+VALUE(IF($H193="vst",$G193,0)) -> 0 | AD193: =VALUE(IF($D193="kop",$C193,0))+VALUE(IF($H193="kop",$G193,0)) -> 0 | AE193: =VALUE(IF($D193="osl",$C193,0))+VALUE(IF($H193="osl",$G193,0)) -> 0 | AF193: =VALUE(IF($D193="vra",$C193,0))+VALUE(IF($H193="vra",$G193,0)) -> 0 | AG193: =VALUE(IF($D193="zho",$C193,0))+VALUE(IF($H193="zho",$G193,0)) -> 0 | AH193: =VALUE(IF($D193="zbú",$C193,0))+VALUE(IF($H193="zbú",$G193,0)) -> 0 | AI193: =VALUE(IF($D193="pří",$C193,0))+VALUE(IF($H193="pří",$G193,0)) -> 0 | AJ193: =VALUE(IF($D193="dot",$C193,0))+VALUE(IF($H193="dot",$G193,0)) -> 0 | AK193: =VALUE(IF($D193="opř",$C193,0))+VALUE(IF($H193="opř",$G193,0)) -> 0 | AL193: =SUM(P193:AK193) -> 0 | AN193: =CONCATENATE('Přehled akce'!$K$4," / ",'Přehled akce'!$K$5) -> / | AO193: =IF('Příjmy a výdaje'!$G193="ano",'Příjmy a výdaje'!$B193,0) -> 0 | AP193: =IF('Příjmy a výdaje'!$G193="ano",'Příjmy a výdaje'!$C193,0) -> 0 | AQ193: ='Příjmy a výdaje'!$AP193 -> 0
... A239: 219 | J239: =IF(AL239=C239,IF(AL239=0,"-","ok"),"chyba") -> - | P239: =VALUE(IF($D239="vyb",$C239,0))+VALUE(IF($H239="vyb",$G239,0)) -> 0 | Q239: =VALUE(IF($D239="mtv",$C239,0))+VALUE(IF($H239="mtv",$G239,0)) -> 0 | R239: =VALUE(IF($D239="mat",$C239,0))+VALUE(IF($H239="mat",$G239,0)) -> 0 | S239: =VALUE(IF($D239="pot",$C239,0))+VALUE(IF($H239="pot",$G239,0)) -> 0 | T239: =VALUE(IF($D239="táb",$C239,0))+VALUE(IF($H239="táb",$G239,0)) -> 0 | U239: =VALUE(IF($D239="oma",$C239,0))+VALUE(IF($H239="oma",$G239,0)) -> 0 | V239: =VALUE(IF($D239="ces",$C239,0))+VALUE(IF($H239="ces",$G239,0)) -> 0 | W239: =VALUE(IF($D239="poš",$C239,0))+VALUE(IF($H239="poš",$G239,0)) -> 0 | X239: =VALUE(IF($D239="tel",$C239,0))+VALUE(IF($H239="tel",$G239,0)) -> 0 | Y239: =VALUE(IF($D239="dop",$C239,0))+VALUE(IF($H239="dop",$G239,0)) -> 0 | Z239: =VALUE(IF($D239="nák",$C239,0))+VALUE(IF($H239="nák",$G239,0)) -> 0 | AA239: =VALUE(IF($D239="náj",$C239,0))+VALUE(IF($H239="náj",$G239,0)) -> 0 | AB239: =VALUE(IF($D239="půj",$C239,0))+VALUE(IF($H239="půj",$G239,0)) -> 0 | AC239: =VALUE(IF($D239="vst",$C239,0))+VALUE(IF($H239="vst",$G239,0)) -> 0 | AD239: =VALUE(IF($D239="kop",$C239,0))+VALUE(IF($H239="kop",$G239,0)) -> 0 | AE239: =VALUE(IF($D239="osl",$C239,0))+VALUE(IF($H239="osl",$G239,0)) -> 0 | AF239: =VALUE(IF($D239="vra",$C239,0))+VALUE(IF($H239="vra",$G239,0)) -> 0 | AG239: =VALUE(IF($D239="zho",$C239,0))+VALUE(IF($H239="zho",$G239,0)) -> 0 | AH239: =VALUE(IF($D239="zbú",$C239,0))+VALUE(IF($H239="zbú",$G239,0)) -> 0 | AI239: =VALUE(IF($D239="pří",$C239,0))+VALUE(IF($H239="pří",$G239,0)) -> 0 | AJ239: =VALUE(IF($D239="dot",$C239,0))+VALUE(IF($H239="dot",$G239,0)) -> 0 | AK239: =VALUE(IF($D239="opř",$C239,0))+VALUE(IF($H239="opř",$G239,0)) -> 0 | AL239: =SUM(P239:AK239) -> 0 | AN239: =CONCATENATE('Přehled akce'!$K$4," / ",'Přehled akce'!$K$5) -> / | AO239: =IF('Příjmy a výdaje'!$G239="ano",'Příjmy a výdaje'!$B239,0) -> 0 | AP239: =IF('Příjmy a výdaje'!$G239="ano",'Příjmy a výdaje'!$C239,0) -> 0 | AQ239: ='Příjmy a výdaje'!$AP239 -> 0
P240: =VALUE(IF($D240="vyb",$C240,0))+VALUE(IF($H240="vyb",$G240,0)) -> 0 | Q240: =VALUE(IF($D240="mtv",$C240,0))+VALUE(IF($H240="mtv",$G240,0)) -> 0 | R240: =VALUE(IF($D240="mat",$C240,0))+VALUE(IF($H240="mat",$G240,0)) -> 0 | S240: =VALUE(IF($D240="pot",$C240,0))+VALUE(IF($H240="pot",$G240,0)) -> 0 | T240: =VALUE(IF($D240="táb",$C240,0))+VALUE(IF($H240="táb",$G240,0)) -> 0 | U240: =VALUE(IF($D240="oma",$C240,0))+VALUE(IF($H240="oma",$G240,0)) -> 0 | V240: =VALUE(IF($D240="ces",$C240,0))+VALUE(IF($H240="ces",$G240,0)) -> 0 | W240: =VALUE(IF($D240="poš",$C240,0))+VALUE(IF($H240="poš",$G240,0)) -> 0 | X240: =VALUE(IF($D240="tel",$C240,0))+VALUE(IF($H240="tel",$G240,0)) -> 0 | Y240: =VALUE(IF($D240="dop",$C240,0))+VALUE(IF($H240="dop",$G240,0)) -> 0 | Z240: =VALUE(IF($D240="nák",$C240,0))+VALUE(IF($H240="nák",$G240,0)) -> 0 | AA240: =VALUE(IF($D240="náj",$C240,0))+VALUE(IF($H240="náj",$G240,0)) -> 0 | AB240: =VALUE(IF($D240="půj",$C240,0))+VALUE(IF($H240="půj",$G240,0)) -> 0 | AC240: =VALUE(IF($D240="vst",$C240,0))+VALUE(IF($H240="vst",$G240,0)) -> 0 | AD240: =VALUE(IF($D240="kop",$C240,0))+VALUE(IF($H240="kop",$G240,0)) -> 0 | AE240: =VALUE(IF($D240="osl",$C240,0))+VALUE(IF($H240="osl",$G240,0)) -> 0 | AF240: =VALUE(IF($D240="vra",$C240,0))+VALUE(IF($H240="vra",$G240,0)) -> 0 | AG240: =VALUE(IF($D240="zho",$C240,0))+VALUE(IF($H240="zho",$G240,0)) -> 0 | AH240: =VALUE(IF($D240="zbú",$C240,0))+VALUE(IF($H240="zbú",$G240,0)) -> 0 | AI240: =VALUE(IF($D240="pří",$C240,0))+VALUE(IF($H240="pří",$G240,0)) -> 0 | AJ240: =VALUE(IF($D240="dot",$C240,0))+VALUE(IF($H240="dot",$G240,0)) -> 0 | AK240: =VALUE(IF($D240="opř",$C240,0))+VALUE(IF($H240="opř",$G240,0)) -> 0 | AL240: =SUM(P240:AK240) -> 0
...

Sheet Kontrola
A1: KONTROLNÍ PŘEHLED VÝDAJŮ
A2: (hodnoty sloupců 1 a 2 se musí rovnat)
C4: Název akce: | D4: ='Přehled akce'!D4 -> 0 | I4: =CONCATENATE("Datum: ",'Přehled akce'!D5) -> Datum:
H6: 1 | I6: 2
A7: Číslo listu | D7: Druh | E7: Součet dokladů na listu | F7: Mezisoučty | H7: Součet druhu dle dokladů | I7: Součet druhu dle přehledu | M7: LEGENDA KÓDŮ:
A8: =CONCATENATE('Přehled akce'!$K$4," / ",'Přehled akce'!$K$5) -> / | B8: - | C8: 1 | F8: =IF(D9<>D8,E8,(E8+F9)) -> 0 | G8: =IF(F8=H8,1,0) -> 1 | H8: =IF(D8<>D7,F8,"-") -> 0 | I8: =G8*VLOOKUP(D8,'Přehled akce'!$C$20:$K$36,6,FALSE()) -> #N/A | J8: =IF(H8-I8=0,1,0) -> #N/A | M8: Vybavení vedené v operativní evidenci
A9: =CONCATENATE('Přehled akce'!$K$4," / ",'Přehled akce'!$K$5) -> / | B9: - | C9: 2 | F9: =IF(D10<>D9,E9,(E9+F10)) -> 0 | G9: =IF(F9=H9,1,0) -> 0 | H9: =IF(D9<>D8,F9,"-") -> - | I9: =G9*VLOOKUP(D9,'Přehled akce'!$C$20:$K$36,6,FALSE()) -> #N/A | J9: =IF(H9-I9=0,1,0) -> #N/A | M9: Materiál pro tvorbu vybavení
A10: =CONCATENATE('Přehled akce'!$K$4," / ",'Přehled akce'!$K$5) -> / | B10: - | C10: 3 | F10: =IF(D11<>D10,E10,(E10+F11)) -> 0 | G10: =IF(F10=H10,1,0) -> 0 | H10: =IF(D10<>D9,F10,"-") -> - | I10: =G10*VLOOKUP(D10,'Přehled akce'!$C$20:$K$36,6,FALSE()) -> #N/A | J10: =IF(H10-I10=0,1,0) -> #N/A | M10: Materiál na akce
A11: =CONCATENATE('Přehled akce'!$K$4," / ",'Přehled akce'!$K$5) -> / | B11: - | C11: 4 | F11: =IF(D12<>D11,E11,(E11+F12)) -> 0 | G11: =IF(F11=H11,1,0) -> 0 | H11: =IF(D11<>D10,F11,"-") -> - | I11: =G11*VLOOKUP(D11,'Přehled akce'!$C$20:$K$36,6,FALSE()) -> #N/A | J11: =IF(H11-I11=0,1,0) -> #N/A | M11: Potraviny
A12: =CONCATENATE('Přehled akce'!$K$4," / ",'Přehled akce'!$K$5) -> / | B12: - | C12: 5 | F12: =IF(D13<>D12,E12,(E12+F13)) -> 0 | G12: =IF(F12=H12,1,0) -> 0 | H12: =IF(D12<>D11,F12,"-") -> - | I12: =G12*VLOOKUP(D12,'Přehled akce'!$C$20:$K$36,6,FALSE()) -> #N/A | J12: =IF(H12-I12=0,1,0) -> #N/A | M12: Materiál na opravu a údržbu tábořišť
A13: =CONCATENATE('Přehled akce'!$K$4," / ",'Přehled akce'!$K$5) -> / | B13: - | C13: 6 | F13: =IF(D14<>D13,E13,(E13+F14)) -> 0 | G13: =IF(F13=H13,1,0) -> 0 | H13: =IF(D13<>D12,F13,"-") -> - | I13: =G13*VLOOKUP(D13,'Přehled akce'!$C$20:$K$36,6,FALSE()) -> #N/A | J13: =IF(H13-I13=0,1,0) -> #N/A | M13: Ostatní materiál
A14: =CONCATENATE('Přehled akce'!$K$4," / ",'Přehled akce'!$K$5) -> / | B14: - | C14: 7 | F14: =IF(D15<>D14,E14,(E14+F15)) -> 0 | G14: =IF(F14=H14,1,0) -> 0 | H14: =IF(D14<>D13,F14,"-") -> - | I14: =G14*VLOOKUP(D14,'Přehled akce'!$C$20:$K$36,6,FALSE()) -> #N/A | J14: =IF(H14-I14=0,1,0) -> #N/A | M14: Cestovné
A15: =CONCATENATE('Přehled akce'!$K$4," / ",'Přehled akce'!$K$5) -> / | B15: - | C15: 8 | F15: =IF(D16<>D15,E15,(E15+F16)) -> 0 | G15: =IF(F15=H15,1,0) -> 0 | H15: =IF(D15<>D14,F15,"-") -> - | I15: =G15*VLOOKUP(D15,'Přehled akce'!$C$20:$K$36,6,FALSE()) -> #N/A | J15: =IF(H15-I15=0,1,0) -> #N/A | M15: Poštovné
A16: =CONCATENATE('Přehled akce'!$K$4," / ",'Přehled akce'!$K$5) -> / | B16: - | C16: 9 | F16: =IF(D17<>D16,E16,(E16+F17)) -> 0 | G16: =IF(F16=H16,1,0) -> 0 | H16: =IF(D16<>D15,F16,"-") -> - | I16: =G16*VLOOKUP(D16,'Přehled akce'!$C$20:$K$36,6,FALSE()) -> #N/A | J16: =IF(H16-I16=0,1,0) -> #N/A | M16: Telekomunikační náhrady
A17: =CONCATENATE('Přehled akce'!$K$4," / ",'Přehled akce'!$K$5) -> / | B17: - | C17: 10 | F17: =IF(D18<>D17,E17,(E17+F18)) -> 0 | G17: =IF(F17=H17,1,0) -> 0 | H17: =IF(D17<>D16,F17,"-") -> - | I17: =G17*VLOOKUP(D17,'Přehled akce'!$C$20:$K$36,6,FALSE()) -> #N/A | J17: =IF(H17-I17=0,1,0) -> #N/A | M17: Doprava osobní na akcích
A18: =CONCATENATE('Přehled akce'!$K$4," / ",'Přehled akce'!$K$5) -> / | B18: - | C18: 11 | F18: =IF(D19<>D18,E18,(E18+F19)) -> 0 | G18: =IF(F18=H18,1,0) -> 0 | H18: =IF(D18<>D17,F18,"-") -> - | I18: =G18*VLOOKUP(D18,'Přehled akce'!$C$20:$K$36,6,FALSE()) -> #N/A | J18: =IF(H18-I18=0,1,0) -> #N/A | M18: Doprava nákladní
A19: =CONCATENATE('Přehled akce'!$K$4," / ",'Přehled akce'!$K$5) -> / | B19: - | C19: 12 | F19: =IF(D20<>D19,E19,(E19+F20)) -> 0 | G19: =IF(F19=H19,1,0) -> 0 | H19: =IF(D19<>D18,F19,"-") -> - | I19: =G19*VLOOKUP(D19,'Přehled akce'!$C$20:$K$36,6,FALSE()) -> #N/A | J19: =IF(H19-I19=0,1,0) -> #N/A | M19: Nájemné
... A27: =CONCATENATE('Přehled akce'!$K$4," / ",'Přehled akce'!$K$5) -> / | B27: - | C27: 20 | F27: =IF(D28<>D27,E27,(E27+F28)) -> 0 | G27: =IF(F27=H27,1,0) -> 0 | H27: =IF(D27<>D26,F27,"-") -> - | I27: =G27*VLOOKUP(D27,'Přehled akce'!$C$20:$K$36,6,FALSE()) -> #N/A | J27: =IF(H27-I27=0,1,0) -> #N/A | M27: Ostatní příjmy
A28: =CONCATENATE('Přehled akce'!$K$4," / ",'Přehled akce'!$K$5) -> / | B28: - | C28: 21 | F28: =IF(D29<>D28,E28,(E28+F29)) -> 0 | G28: =IF(F28=H28,1,0) -> 0 | H28: =IF(D28<>D27,F28,"-") -> - | I28: =G28*VLOOKUP(D28,'Přehled akce'!$C$20:$K$36,6,FALSE()) -> #N/A | J28: =IF(H28-I28=0,1,0) -> #N/A
A29: =CONCATENATE('Přehled akce'!$K$4," / ",'Přehled akce'!$K$5) -> / | B29: - | C29: 22 | F29: =IF(D30<>D29,E29,(E29+F30)) -> 0 | G29: =IF(F29=H29,1,0) -> 0 | H29: =IF(D29<>D28,F29,"-") -> - | I29: =G29*VLOOKUP(D29,'Přehled akce'!$C$20:$K$36,6,FALSE()) -> #N/A | J29: =IF(H29-I29=0,1,0) -> #N/A
A30: =CONCATENATE('Přehled akce'!$K$4," / ",'Přehled akce'!$K$5) -> / | B30: - | C30: 23 | F30: =IF(D31<>D30,E30,(E30+F31)) -> 0 | G30: =IF(F30=H30,1,0) -> 0 | H30: =IF(D30<>D29,F30,"-") -> - | I30: =G30*VLOOKUP(D30,'Přehled akce'!$C$20:$K$36,6,FALSE()) -> #N/A | J30: =IF(H30-I30=0,1,0) -> #N/A
A31: =CONCATENATE('Přehled akce'!$K$4," / ",'Přehled akce'!$K$5) -> / | B31: - | C31: 24 | F31: =IF(D32<>D31,E31,(E31+F32)) -> 0 | G31: =IF(F31=H31,1,0) -> 0 | H31: =IF(D31<>D30,F31,"-") -> - | I31: =G31*VLOOKUP(D31,'Přehled akce'!$C$20:$K$36,6,FALSE()) -> #N/A | J31: =IF(H31-I31=0,1,0) -> #N/A
A32: =CONCATENATE('Přehled akce'!$K$4," / ",'Přehled akce'!$K$5) -> / | B32: - | C32: 25 | F32: =IF(D33<>D32,E32,(E32+F33)) -> 0 | G32: =IF(F32=H32,1,0) -> 0 | H32: =IF(D32<>D31,F32,"-") -> - | I32: =G32*VLOOKUP(D32,'Přehled akce'!$C$20:$K$36,6,FALSE()) -> #N/A | J32: =IF(H32-I32=0,1,0) -> #N/A
A33: =CONCATENATE('Přehled akce'!$K$4," / ",'Přehled akce'!$K$5) -> / | B33: - | C33: 26 | F33: =IF(D34<>D33,E33,(E33+F34)) -> 0 | G33: =IF(F33=H33,1,0) -> 0 | H33: =IF(D33<>D32,F33,"-") -> - | I33: =G33*VLOOKUP(D33,'Přehled akce'!$C$20:$K$36,6,FALSE()) -> #N/A | J33: =IF(H33-I33=0,1,0) -> #N/A
A34: =CONCATENATE('Přehled akce'!$K$4," / ",'Přehled akce'!$K$5) -> / | B34: - | C34: 27 | F34: =IF(D35<>D34,E34,(E34+F35)) -> 0 | G34: =IF(F34=H34,1,0) -> 0 | H34: =IF(D34<>D33,F34,"-") -> - | I34: =G34*VLOOKUP(D34,'Přehled akce'!$C$20:$K$36,6,FALSE()) -> #N/A | J34: =IF(H34-I34=0,1,0) -> #N/A
A35: =CONCATENATE('Přehled akce'!$K$4," / ",'Přehled akce'!$K$5) -> / | B35: - | C35: 28 | F35: =IF(D36<>D35,E35,(E35+F36)) -> 0 | G35: =IF(F35=H35,1,0) -> 0 | H35: =IF(D35<>D34,F35,"-") -> - | I35: =G35*VLOOKUP(D35,'Přehled akce'!$C$20:$K$36,6,FALSE()) -> #N/A | J35: =IF(H35-I35=0,1,0) -> #N/A
A36: =CONCATENATE('Přehled akce'!$K$4," / ",'Přehled akce'!$K$5) -> / | B36: - | C36: 29 | F36: =IF(D37<>D36,E36,(E36+F37)) -> 0 | G36: =IF(F36=H36,1,0) -> 0 | H36: =IF(D36<>D35,F36,"-") -> - | I36: =G36*VLOOKUP(D36,'Přehled akce'!$C$20:$K$36,6,FALSE()) -> #N/A | J36: =IF(H36-I36=0,1,0) -> #N/A
A37: =CONCATENATE('Přehled akce'!$K$4," / ",'Přehled akce'!$K$5) -> / | B37: - | C37: 30 | F37: =IF(D38<>D37,E37,(E37+F38)) -> 0 | G37: =IF(F37=H37,1,0) -> 0 | H37: =IF(D37<>D36,F37,"-") -> - | I37: =G37*VLOOKUP(D37,'Přehled akce'!$C$20:$K$36,6,FALSE()) -> #N/A | J37: =IF(H37-I37=0,1,0) -> #N/A
A38: =CONCATENATE('Přehled akce'!$K$4," / ",'Přehled akce'!$K$5) -> / | B38: - | C38: 31 | F38: =IF(D39<>D38,E38,(E38+F39)) -> 0 | G38: =IF(F38=H38,1,0) -> 0 | H38: =IF(D38<>D37,F38,"-") -> - | I38: =G38*VLOOKUP(D38,'Přehled akce'!$C$20:$K$36,6,FALSE()) -> #N/A | J38: =IF(H38-I38=0,1,0) -> #N/A
A39: =CONCATENATE('Přehled akce'!$K$4," / ",'Přehled akce'!$K$5) -> / | B39: - | C39: 32 | F39: =IF(D40<>D39,E39,(E39+F40)) -> 0 | G39: =IF(F39=H39,1,0) -> 0 | H39: =IF(D39<>D38,F39,"-") -> - | I39: =G39*VLOOKUP(D39,'Přehled akce'!$C$20:$K$36,6,FALSE()) -> #N/A | J39: =IF(H39-I39=0,1,0) -> #N/A
... A104: =CONCATENATE('Přehled akce'!$K$4," / ",'Přehled akce'!$K$5) -> / | B104: - | C104: 97 | F104: =IF(D105<>D104,E104,(E104+F105)) -> 0 | G104: =IF(F104=H104,1,0) -> 0 | H104: =IF(D104<>D103,F104,"-") -> - | I104: =G104*VLOOKUP(D104,'Přehled akce'!$C$20:$K$36,6,FALSE()) -> #N/A | J104: =IF(H104-I104=0,1,0) -> #N/A
D106: Celkový součet výdajů: | E106: =SUM(E8:E104) -> 0 | I106: ='Přehled akce'!H37 -> 0 | J106: =IF(E106-I106=0,1,0) -> 1

Sheet Seznam účastníků
A1: SEZNAM ÚČASTNÍKŮ AKCE
B2: Název akce: | C2: ='Přehled akce'!D4 -> 0 | F2: =CONCATENATE("Datum: ",'Přehled akce'!D5) -> Datum:
A4: Poř. | B4: Příjmení | C4: Jméno | D4: Přezdívka | E4: Adresa | F4: PSČ | G4: RČ | H4: Počet dní | K4: Poznámka | L4: Platba hotově | M4: Platba na účet | N4: Datum platby
A5: 1
A6: 2
A7: 3
A8: 4
A9: 5
A10: 6
A11: 7
A12: 8
A13: 9
A14: 10
A15: 11
A16: 12
... A64: 60
G66: Celkem: | H66: =SUM(H5:H64) -> 0 | I66: =SUM(I5:I64) -> 0 | J66: =SUM(J5:J64) -> 0 | K66: účast.dní | L66: =SUM(L5:L64) -> 0 | M66: =SUM(M5:M64) -> 0
H67: =SUM(H66:J66) -> 0

Sheet Doklady
A1: POKLADNÍ DOKLADY AKCE | M1: dot v2
E2: ='Přehled akce'!D4 -> 0 | M2: seznam účastníků s platbou
M3: seznam instruktorů s platbou
B4: Výdajový pokladní doklad ze dne: | E4: ='Přehled akce'!D58 -> 0 | M4: přehled záloh instruktorům
B6: Junák - český skaut, středisko Milana Genserka Brno, z. s.
B7: Milénova 16, 638 00 Brno, IČO: 621 57 523
B9: Částka: | D9: ='Přehled akce'!H37 -> 0
B10: Vyplaceno komu: | D10: ='Přehled akce'!D6 -> 0 | F10: (vedoucí akce)
B11: Účel platby: | D11: HOTOVOSTNÍ VÝDAJE AKCE | F11: ='Přehled akce'!D4 -> 0
D12: (viz seznam "Hotovostní výdaje")
B14: Vydal: | D14: ='Přehled akce'!D7 -> 0 | E14: Podpis:
B15: Přijal: | D15: ='Přehled akce'!D6 -> 0 | E15: Podpis:
B19: Příjmový pokladní doklad ze dne: | E19: ='Přehled akce'!D58 -> 0
B21: Junák - český skaut, středisko Milana Genserka Brno, z. s.
B22: Milénova 16, 638 00 Brno, IČO: 621 57 523
B24: Částka: | D24: ='Přehled akce'!H44 -> 0
B25: Přijato od: | D25: viz "Seznam účastníků"
B26: Účel platby: | D26: HOTOVOSTNÍ PŘÍJMY AKCE | F26: ='Přehled akce'!D4 -> 0
D27: seznam "Hotovostní příjmy akce"
B29: Přijal: | D29: ='Přehled akce'!D7 -> 0 | E29: Podpis:
B33: Příjmový pokladní doklad ze dne: | E33: ='Přehled akce'!D58 -> 0
B35: Junák - český skaut, středisko Milana Genserka Brno, z. s.
B36: Milénova 16, 638 00 Brno, IČO: 621 57 523
B38: Částka: | D38: ='Přehled akce'!L50 -> 0
B39: Přijato od: | D39: viz seznam "Převody mezi pokladnami / zálohy"
B40: Účel platby: | D40: PŘEVODY MEZI POKLADNAMI / ZÁLOHY
D41: (viz seznam "Převody mezi pokladnami / zálohy")
B43: Přijal: | D43: ='Přehled akce'!D7 -> 0 | E43: Podpis:
B47: =IF('Přehled akce'!$L$53>=0,"Výdajový","Příjmový") -> Výdajový | C47: pokladní doklad ze dne: | E47: ='Přehled akce'!I58 -> 0
B49: Junák - český skaut, středisko Milana Genserka Brno, z. s.
B50: Milénova 16, 638 00 Brno, IČO: 621 57 523
B52: Částka: | D52: =ABS('Přehled akce'!L53) -> 0
B53: =IF('Přehled akce'!$L$53>=0,"Vyplaceno komu:","Přijato od:") -> Vyplaceno komu: | D53: ='Přehled akce'!I57 -> 0 | F53: (pokladník střediska)
B54: Účel platby: | D54: VYROVNÁNÍ POKLADNY AKCE | F54: ='Přehled akce'!D4 -> 0
D55: (se střediskovou pokladnou)
B57: =IF('Přehled akce'!$L$53>=0,"Vydal:","Přijal:") -> Vydal: | D57: ='Přehled akce'!D7 -> 0 | E57: Podpis:
B58: =IF('Přehled akce'!$L$53>=0,"Přijal:","Vydal:") -> Přijal: | D58: ='Přehled akce'!I57 -> 0 | E58: Podpis:

Sheet Seznam instruktorů
A1: SEZNAM INSTRUKTORŮ
B2: Název akce: | C2: ='Přehled akce'!D4 -> 0 | F2: =CONCATENATE("Datum: ",'Přehled akce'!D5) -> Datum: | J2: Částka za den: | K2: 50
B4: OSOBNÍ ÚDAJE | I4: ÚČAST (část akce / místo konání / počet stravovacích dní) | O4: PLATBA | S4: OSTATNÍ
A5: Poř. | B5: Příjmení | C5: Jméno | D5: Přezdívka | E5: Adresa | F5: PSČ | G5: Město | H5: RČ | I5: Týmovka 1. | J5: Týmovka 2. | K5: Týmovka 3. | L5: Část 1. | M5: Část 2. | N5: Část 3. | O5: Platit | P5: Uhrazeno | Q5: Datum platby | R5: Zbývá uhradit | S5: Resty | T5: Poznámka
I6: Kde? | J6: Kde? | K6: Kde? | L6: Kde? | M6: Kde? | N6: Kde?
I7: 0 | J7: 0 | K7: 0 | L7: 0 | M7: 0 | N7: 0
A8: 1 | I8: =I$7 -> 0 | J8: =J$7 -> 0 | K8: =K$7 -> 0 | L8: =L$7 -> 0 | M8: =M$7 -> 0 | N8: =N$7 -> 0 | O8: =SUM(I8:N8)*$K$2 -> 0 | R8: =P8-O8 -> 0 | S8: =IF(ISNA(VLOOKUP(D8,$B$28:$M$178,12)*V28)=TRUE(),0,VLOOKUP(D8,$B$28:$M$178,12)*V28) -> 0
A9: 2 | I9: =I$7 -> 0 | J9: =J$7 -> 0 | K9: =K$7 -> 0 | L9: =L$7 -> 0 | M9: =M$7 -> 0 | N9: =N$7 -> 0 | O9: =SUM(I9:N9)*$K$2 -> 0 | R9: =P9-O9 -> 0 | S9: =IF(ISNA(VLOOKUP(D9,$B$28:$W$178,12)*V29)=TRUE(),0,VLOOKUP(D9,$B$28:$W$178,12)*V29) -> 0
A10: 3 | I10: =I$7 -> 0 | J10: =J$7 -> 0 | K10: =K$7 -> 0 | L10: =L$7 -> 0 | M10: =M$7 -> 0 | N10: =N$7 -> 0 | O10: =SUM(I10:N10)*$K$2 -> 0 | R10: =P10-O10 -> 0 | S10: =IF(ISNA(VLOOKUP(D10,$B$28:$W$178,12)*V30)=TRUE(),0,VLOOKUP(D10,$B$28:$W$178,12)*V30) -> 0
A11: 4 | I11: =I$7 -> 0 | J11: =J$7 -> 0 | K11: =K$7 -> 0 | L11: =L$7 -> 0 | M11: =M$7 -> 0 | N11: =N$7 -> 0 | O11: =SUM(I11:N11)*$K$2 -> 0 | R11: =P11-O11 -> 0 | S11: =IF(ISNA(VLOOKUP(D11,$B$28:$W$178,12)*V31)=TRUE(),0,VLOOKUP(D11,$B$28:$W$178,12)*V31) -> 0
A12: 5 | I12: =I$7 -> 0 | J12: =J$7 -> 0 | K12: =K$7 -> 0 | L12: =L$7 -> 0 | M12: =M$7 -> 0 | N12: =N$7 -> 0 | O12: =SUM(I12:N12)*$K$2 -> 0 | R12: =P12-O12 -> 0 | S12: =IF(ISNA(VLOOKUP(D12,$B$28:$W$178,12)*V32)=TRUE(),0,VLOOKUP(D12,$B$28:$W$178,12)*V32) -> 0
A13: 6 | I13: =I$7 -> 0 | J13: =J$7 -> 0 | K13: =K$7 -> 0 | L13: =L$7 -> 0 | M13: =M$7 -> 0 | N13: =N$7 -> 0 | O13: =SUM(I13:N13)*$K$2 -> 0 | R13: =P13-O13 -> 0 | S13: =IF(ISNA(VLOOKUP(D13,$B$28:$W$178,12)*V33)=TRUE(),0,VLOOKUP(D13,$B$28:$W$178,12)*V33) -> 0
A14: 7 | I14: =I$7 -> 0 | J14: =J$7 -> 0 | K14: =K$7 -> 0 | L14: =L$7 -> 0 | M14: =M$7 -> 0 | N14: =N$7 -> 0 | O14: =SUM(I14:N14)*$K$2 -> 0 | R14: =P14-O14 -> 0 | S14: =IF(ISNA(VLOOKUP(D14,$B$28:$W$178,12)*V34)=TRUE(),0,VLOOKUP(D14,$B$28:$W$178,12)*V34) -> 0
A15: 8 | I15: =I$7 -> 0 | J15: =J$7 -> 0 | K15: =K$7 -> 0 | L15: =L$7 -> 0 | M15: =M$7 -> 0 | N15: =N$7 -> 0 | O15: =SUM(I15:N15)*$K$2 -> 0 | R15: =P15-O15 -> 0 | S15: =IF(ISNA(VLOOKUP(D15,$B$28:$W$178,12)*V35)=TRUE(),0,VLOOKUP(D15,$B$28:$W$178,12)*V35) -> 0
A16: 9 | I16: =I$7 -> 0 | J16: =J$7 -> 0 | K16: =K$7 -> 0 | L16: =L$7 -> 0 | M16: =M$7 -> 0 | N16: =N$7 -> 0 | O16: =SUM(I16:N16)*$K$2 -> 0 | R16: =P16-O16 -> 0 | S16: =IF(ISNA(VLOOKUP(D16,$B$28:$W$178,12)*V36)=TRUE(),0,VLOOKUP(D16,$B$28:$W$178,12)*V36) -> 0
A17: 10 | I17: =I$7 -> 0 | J17: =J$7 -> 0 | K17: =K$7 -> 0 | L17: =L$7 -> 0 | M17: =M$7 -> 0 | N17: =N$7 -> 0 | O17: =SUM(I17:N17)*$K$2 -> 0 | R17: =P17-O17 -> 0 | S17: =IF(ISNA(VLOOKUP(D17,$B$28:$W$178,12)*V37)=TRUE(),0,VLOOKUP(D17,$B$28:$W$178,12)*V37) -> 0
A18: 11 | I18: =I$7 -> 0 | J18: =J$7 -> 0 | K18: =K$7 -> 0 | L18: =L$7 -> 0 | M18: =M$7 -> 0 | N18: =N$7 -> 0 | O18: =SUM(I18:N18)*$K$2 -> 0 | R18: =P18-O18 -> 0 | S18: =IF(ISNA(VLOOKUP(D18,$B$28:$W$178,12)*V38)=TRUE(),0,VLOOKUP(D18,$B$28:$W$178,12)*V38) -> 0
A19: 12 | I19: =I$7 -> 0 | J19: =J$7 -> 0 | K19: =K$7 -> 0 | L19: =L$7 -> 0 | M19: =M$7 -> 0 | N19: =N$7 -> 0 | O19: =SUM(I19:N19)*$K$2 -> 0 | R19: =P19-O19 -> 0 | S19: =IF(ISNA(VLOOKUP(D19,$B$28:$W$178,12)*V39)=TRUE(),0,VLOOKUP(D19,$B$28:$W$178,12)*V39) -> 0
A20: 13 | I20: =I$7 -> 0 | J20: =J$7 -> 0 | K20: =K$7 -> 0 | L20: =L$7 -> 0 | M20: =M$7 -> 0 | N20: =N$7 -> 0 | O20: =SUM(I20:N20)*$K$2 -> 0 | R20: =P20-O20 -> 0 | S20: =IF(ISNA(VLOOKUP(D20,$B$28:$W$178,12)*V40)=TRUE(),0,VLOOKUP(D20,$B$28:$W$178,12)*V40) -> 0
... A23: 16 | I23: =I$7 -> 0 | J23: =J$7 -> 0 | K23: =K$7 -> 0 | L23: =L$7 -> 0 | M23: =M$7 -> 0 | N23: =N$7 -> 0 | O23: =SUM(I23:N23)*$K$2 -> 0 | R23: =P23-O23 -> 0 | S23: =IF(ISNA(VLOOKUP(D23,$B$28:$W$178,12)*V43)=TRUE(),0,VLOOKUP(D23,$B$28:$W$178,12)*V43) -> 0
P24: =SUM(P8:P23) -> 0
A26: PŘEHLED NEVYŘEŠENÝCH ZÁLOH A RESTŮ OD INSTRUKTORŮ
B27: Kdo | C27: Co (záloha, rest…) | F27: Ze kdy | G27: Vyřešeno | H27: Poznámka | V27: Pomocné sloupce
A28: 1 | V28: =IF(G28="ne",1,0) -> 0 | W28: =A28 -> 1 | Y28: ANO
A29: 2 | V29: =IF(G29="ne",1,0) -> 0 | W29: =A29 -> 2 | Y29: NE
A30: 3 | V30: =IF(G30="ne",1,0) -> 0 | W30: =A30 -> 3
A31: 4 | V31: =IF(G31="ne",1,0) -> 0 | W31: =A31 -> 4
A32: 5 | V32: =IF(G32="ne",1,0) -> 0 | W32: =A32 -> 5
A33: 6 | V33: =IF(G33="ne",1,0) -> 0 | W33: =A33 -> 6
A34: 7 | V34: =IF(G34="ne",1,0) -> 0 | W34: =A34 -> 7
A35: 8 | V35: =IF(G35="ne",1,0) -> 0 | W35: =A35 -> 8
A36: 9 | V36: =IF(G36="ne",1,0) -> 0 | W36: =A36 -> 9
A37: 10 | V37: =IF(G37="ne",1,0) -> 0 | W37: =A37 -> 10
A38: 11 | V38: =IF(G38="ne",1,0) -> 0 | W38: =A38 -> 11
A39: 12 | V39: =IF(G39="ne",1,0) -> 0 | W39: =A39 -> 12
A40: 13 | V40: =IF(G40="ne",1,0) -> 0 | W40: =A40 -> 13
A41: 14 | V41: =IF(G41="ne",1,0) -> 0 | W41: =A41 -> 14
... A120: 93 | V120: =IF(G120="ne",1,0) -> 0 | W120: =A120 -> 93

Sheet for_dot_v2
A1: Číslo org. jedn.: | E1: 6 2 2 - 0 8
A2: PŘEHLED O ÚHRADÁCH PLATEB | H2: Celková dotace | I2: ='Přehled akce'!L42 -> 0
A3: (NEINVESTIČNÍ PROSTŘEDKY) | H3: Uhrazeno | I3: =E250 -> 0
H4: Zbývá dotovat | I4: =I2-I3 -> 0
A5: Pol. | B5: Číslo dokladu1) | C5: Účel použití | D5: Částka v Kč (na 2 des.) | E5: Hrazeno z dotace2)
A6: 1
A7: 2
A8: 3
A9: 4
A10: 5
A11: 6
A12: 7
A13: 8
A14: 9
A15: 10
A16: 11
A17: 12
... A249: 244
A250: CELKEM | D250: =SUM(D6:D249) -> 0 | E250: =SUM(E6:E249) -> 0
A251: 1) dle účetní evidence
A252: 2) dotaci celkem zaokrouhlete na celé koruny
A253: Jméno a podpis: | C253: ='Přehled akce'!D57 -> 0

Sheet Vyučtování vzd. akce
E1: Junák - svaz skautů a skautek ČR
E2: VYÚČTOVÁNÍ DOTACE NA VZDĚLÁVACÍ AKCi
A4: 1. Jednotný název akce (Pollux 2006; LK Vltavín)
A8: 2. Typ akce podle Řádu pro vzdělávání činovnic a činovníků Junáka
B10: 1 ČZ nebo ČK (kap. 4 a 17 ŘVČČJ) | Q10: 9 OČK a přísl. kurzy (kap. 7 ŘVČČJ)
B11: 2 ČLK (kap. (9 a 11 ŘVČČJ) | Q11: 10 LŠ (kap. 9 a 14 ŘVČČJ)
B12: 3 LK (kap. 9 a 10 ŘVČČJ) | Q12: 11 ILŠ (kap. 9 a 15 ŘVČČJ)
B13: 4 Zdravotnický kurz (kap. 17 ŘVČČJ) | Q13: 12 Postgraduální seminář pro vůdce oddílů
B14: 5 VZ nebo VK (kap. 5 a 17 ŘVČČJ) | Q14: 13 Regionální výměna zkušeností vůdců odd.
B15: 6 VLK (kap. 9 a 12 ŘVČČJ) | Q15: 14 Seminář pro vedení organizačních jednotek
B16: 7 MLK (kap. 9 a 13 ŘVČČJ) | Q16: 15 Jiná akce - vypište:
B17: 8 MZ, IK a přísl. kurzy (kap. 6 a 8 ŘVČČJ)
A20: 3. Základní informace o pořádané akci
B22: Specifikace části akce | E22: Místo | M22: Datum - začátek | R22: Datum - konec | V22: Doba trvání
V23: =IF(M23="","",R23-M23+1)
V24: =IF(M24="","",R24-M24+1)
V25: =IF(M25="","",R25-M25+1)
V26: =IF(M26="","",R26-M26+1)
B27: Celkem | V27: =IF(V23="","",SUM(V23:V26))
B28: Specifikace části jedné akce (např. S - zahajovací víkend; T - táborová část; P - průběžný víkend; K - závěrečný víkend)
A30: 4. Účastníci
B31: Vyplňte podle skutečnosti. U akcí kombinovaných (např. LŠ + LK) vyplňte pro každý typ dílčí akce samostatnou tabulku. Údaje v tabulce musí odpovídat přiloženým seznamům účastníků.
B32: Typ dílčí akce | P32: Osob | T32: Pob. dnů
H33: Frekventanti | P33: =COUNTA('Seznam účastníků'!H5:H64) -> 0 | T33: ='Seznam účastníků'!H66 -> 0
B36: Typ dílčí akce | P36: Osob | T36: Pob. dnů
H37: Frekventanti | P37: =COUNTA('Seznam účastníků'!I5:I64) -> 0 | T37: ='Seznam účastníků'!I66 -> 0
B40: Typ dílčí akce | P40: Osob | T40: Pob. dnů
H41: Frekventanti | P41: =COUNTA('Seznam účastníků'!J5:J64) -> 0 | T41: ='Seznam účastníků'!J66 -> 0
B44: Typ dílčí akce | P44: Osob | T44: Pob. dnů
H45: Frekventanti
A48: 5. Vyúčtování
B49: Vyplňte podle skutečnosti pro všechny vyúčtovávané části dohromady.
B50: 5.1. | C50: Celkový počet pobytových dní: | T50: =IF(T33="","",T33+T37+T41+T45) -> 0
B51: 5.2. | C51: Celkový objem vyúčtované dotace: | Q51: ='Přehled akce'!L42 -> 0
B52: 5.3. | C52: Celkové náklady akce: | Q52: ='Přehled akce'!L37 -> 0
B53: 5.4. | C53: Podíl dotace na celkovém rozpočtu (v procentech): | Q53: =IF(T68=0,"",Q51/T68)
A55: 6. Skutečné výnosy a náklady akce
B57: Výnosy | M57: Náklady
I58: Částka | T58: Částka
B59: Účastnické poplatky | I59: ='Přehled akce'!L41 -> 0 | M59: Materiál (kanc. potř., provoz. mat.) | T59: ='Přehled akce'!L27+'Přehled akce'!L30+'Přehled akce'!L31 -> 0
B60: Příjmy od instruktorů | I60: ='Přehled akce'!L43 -> 0 | M60: Inventář (drobné vybavení) | T60: ='Přehled akce'!L28+'Přehled akce'!L29 -> 0
M61: Doprava, cestovné | T61: ='Přehled akce'!L23+'Přehled akce'!L25+'Přehled akce'!L24 -> 0
B62: Dotace MŠMT | I62: =Q51 -> 0 | M62: Nájemné, ubytování | T62: ='Přehled akce'!L21 -> 0
B63: Vlastní prostředky OJ | I63: =-('Přehled akce'!L54) -> 0 | M63: Stravné, potraviny | T63: ='Přehled akce'!L22 -> 0
M64: Spoje (tel. poplatky, poštovné, ...) | T64: ='Přehled akce'!L34+'Přehled akce'!L32 -> 0
M65: Ostatní služby (např. kopírování) | T65: ='Přehled akce'!L26+'Přehled akce'!L33+'Přehled akce'!L35+'Přehled akce'!L36 -> 0
B68: CELKEM | I68: =SUM(I59:L67) -> 0 | M68: CELKEM | T68: =SUM(T59:W67) -> 0
A70: 7. Organizační jednotka, která je pořadatelem akce
B72: Číslo org.jednotky: | G72: 622.08 | K72: Název org. jednotky: | P72: Milana Genserka Brno
A74: 8. Vyúčtování zpracoval
B76: Příjmení, jméno | F76: ='Přehled akce'!D57 -> 0
B77: Mobil: | K77: E-mail
A79: 9. Za správnost odpovídá:
B80: Datum:
B82: Příjmení, jméno statutárního orgánu: | G82: Kupka Ondřej
P84: podpis
B85: Datum:
B87: Příjmení, jméno vedoucího akce: | G87: ='Přehled akce'!D6 -> 0
P89: podpis
A91: 10. Vyjádření revizní komise
B95: Datum:
B97: Příjmení, jméno: | G97: Stojan Ivo
P99: podpis
